/*
 Navicat Premium Dump SQL

 Source Server         : root
 Source Server Type    : MySQL
 Source Server Version : 80406 (8.4.6)
 Source Host           : localhost:3306
 Source Schema         : wordtreedb

 Target Server Type    : MySQL
 Target Server Version : 80406 (8.4.6)
 File Encoding         : 65001

 Date: 18/01/2026 01:06:07
*/

SET NAMES utf8mb4;
SET FOREIGN_KEY_CHECKS = 0;

-- ----------------------------
-- Table structure for books
-- ----------------------------
DROP TABLE IF EXISTS `books`;
CREATE TABLE `books`  (
  `id` bigint NOT NULL AUTO_INCREMENT,
  `book_name` varchar(50) CHARACTER SET utf8mb4 COLLATE utf8mb4_0900_ai_ci NOT NULL COMMENT '书名',
  `description` varchar(255) CHARACTER SET utf8mb4 COLLATE utf8mb4_0900_ai_ci NULL DEFAULT NULL COMMENT '描述',
  `created_by` bigint NULL DEFAULT 0 COMMENT '创建人ID (0为系统默认)',
  `created_at` timestamp NULL DEFAULT CURRENT_TIMESTAMP,
  `user_id` bigint NULL DEFAULT 0 COMMENT '创建者ID，0表示系统公用',
  PRIMARY KEY (`id`) USING BTREE
) ENGINE = InnoDB AUTO_INCREMENT = 12 CHARACTER SET = utf8mb4 COLLATE = utf8mb4_0900_ai_ci COMMENT = '单词书表' ROW_FORMAT = Dynamic;

-- ----------------------------
-- Records of books
-- ----------------------------
INSERT INTO `books` VALUES (1, '四级核心词汇（50词）', '系统默认英语四级核心词汇', 0, '2025-12-21 15:07:06', 0);
INSERT INTO `books` VALUES (2, '标准日本语初级 (50词)', '系统默认日语初级词汇', 0, '2025-12-24 22:05:17', 0);
INSERT INTO `books` VALUES (7, '俄语入门核心 (50词)', '系统默认俄语入门核心词汇', 0, '2026-01-16 02:26:24', 0);
INSERT INTO `books` VALUES (9, 'test 1 测试词书', NULL, 0, '2026-01-16 03:07:54', 2);

-- ----------------------------
-- Table structure for community_comment
-- ----------------------------
DROP TABLE IF EXISTS `community_comment`;
CREATE TABLE `community_comment`  (
  `id` bigint NOT NULL AUTO_INCREMENT,
  `post_id` bigint NOT NULL COMMENT '关联帖子ID',
  `user_id` bigint NOT NULL COMMENT '评论人ID',
  `content` varchar(500) CHARACTER SET utf8mb4 COLLATE utf8mb4_0900_ai_ci NOT NULL COMMENT '评论内容',
  `created_at` timestamp NULL DEFAULT CURRENT_TIMESTAMP,
  PRIMARY KEY (`id`) USING BTREE,
  INDEX `idx_post_id`(`post_id` ASC) USING BTREE
) ENGINE = InnoDB AUTO_INCREMENT = 7 CHARACTER SET = utf8mb4 COLLATE = utf8mb4_0900_ai_ci COMMENT = '社区评论' ROW_FORMAT = DYNAMIC;

-- ----------------------------
-- Records of community_comment
-- ----------------------------
INSERT INTO `community_comment` VALUES (3, 3, 1, 'test', '2026-01-14 21:24:30');
INSERT INTO `community_comment` VALUES (4, 3, 2, 'test', '2026-01-14 21:27:26');
INSERT INTO `community_comment` VALUES (5, 5, 2, 'test', '2026-01-14 21:29:02');
INSERT INTO `community_comment` VALUES (6, 5, 1, 'test', '2026-01-14 21:29:49');

-- ----------------------------
-- Table structure for community_post
-- ----------------------------
DROP TABLE IF EXISTS `community_post`;
CREATE TABLE `community_post`  (
  `id` bigint NOT NULL AUTO_INCREMENT,
  `user_id` bigint NOT NULL COMMENT '发帖人ID',
  `content` varchar(2000) CHARACTER SET utf8mb4 COLLATE utf8mb4_0900_ai_ci NOT NULL COMMENT '帖子内容',
  `likes` int NULL DEFAULT 0 COMMENT '点赞数',
  `view_count` int NULL DEFAULT 0 COMMENT '浏览量',
  `created_at` timestamp NULL DEFAULT CURRENT_TIMESTAMP,
  PRIMARY KEY (`id`) USING BTREE,
  INDEX `idx_created_at`(`created_at` ASC) USING BTREE
) ENGINE = InnoDB AUTO_INCREMENT = 6 CHARACTER SET = utf8mb4 COLLATE = utf8mb4_0900_ai_ci COMMENT = '社区帖子' ROW_FORMAT = DYNAMIC;

-- ----------------------------
-- Records of community_post
-- ----------------------------
INSERT INTO `community_post` VALUES (3, 1, '哈哈', 2, 0, '2025-12-24 17:13:38');
INSERT INTO `community_post` VALUES (5, 2, '你好', 1, 0, '2026-01-14 21:28:55');

-- ----------------------------
-- Table structure for learning_record
-- ----------------------------
DROP TABLE IF EXISTS `learning_record`;
CREATE TABLE `learning_record`  (
  `id` bigint NOT NULL AUTO_INCREMENT,
  `user_id` bigint NOT NULL COMMENT '用户ID',
  `word_id` bigint NOT NULL COMMENT '单词ID',
  `book_id` bigint NOT NULL DEFAULT 1 COMMENT '所属单词书ID',
  `stage` int NULL DEFAULT 0 COMMENT '当前复习阶段(0-5)',
  `next_review_date` date NOT NULL COMMENT '下一次复习日期',
  `last_review_date` date NULL DEFAULT NULL COMMENT '上一次复习日期',
  `is_mastered` tinyint(1) NULL DEFAULT 0 COMMENT '是否已掌握(1是 0否)',
  `created_at` timestamp NULL DEFAULT CURRENT_TIMESTAMP,
  PRIMARY KEY (`id`) USING BTREE,
  UNIQUE INDEX `uk_user_word_book`(`user_id` ASC, `word_id` ASC, `book_id` ASC) USING BTREE,
  INDEX `idx_next_review`(`user_id` ASC, `next_review_date` ASC) USING BTREE
) ENGINE = InnoDB AUTO_INCREMENT = 212 CHARACTER SET = utf8mb4 COLLATE = utf8mb4_0900_ai_ci COMMENT = '用户学习进度表' ROW_FORMAT = Dynamic;

-- ----------------------------
-- Records of learning_record
-- ----------------------------
INSERT INTO `learning_record` VALUES (1, 1, 1, 1, 5, '2026-02-14', '2026-01-15', 1, '2025-12-20 18:33:25');
INSERT INTO `learning_record` VALUES (2, 1, 2, 1, 5, '2026-02-14', '2026-01-15', 1, '2025-12-20 18:33:31');
INSERT INTO `learning_record` VALUES (3, 1, 3, 1, 5, '2026-02-14', '2026-01-15', 1, '2025-12-20 18:33:36');
INSERT INTO `learning_record` VALUES (4, 1, 4, 1, 5, '2026-02-14', '2026-01-15', 1, '2025-12-20 18:33:45');
INSERT INTO `learning_record` VALUES (5, 1, 5, 1, 5, '2026-02-14', '2026-01-15', 1, '2025-12-20 18:33:47');
INSERT INTO `learning_record` VALUES (6, 1, 6, 1, 5, '2026-02-14', '2026-01-15', 1, '2025-12-20 18:33:47');
INSERT INTO `learning_record` VALUES (7, 1, 7, 1, 5, '2026-02-14', '2026-01-15', 1, '2025-12-20 18:33:48');
INSERT INTO `learning_record` VALUES (8, 1, 8, 1, 5, '2026-02-14', '2026-01-15', 1, '2025-12-20 18:33:49');
INSERT INTO `learning_record` VALUES (9, 1, 9, 1, 5, '2026-02-14', '2026-01-15', 1, '2025-12-20 18:33:50');
INSERT INTO `learning_record` VALUES (10, 1, 10, 1, 5, '2026-02-14', '2026-01-15', 1, '2025-12-20 18:33:51');
INSERT INTO `learning_record` VALUES (11, 1, 11, 1, 2, '2026-01-17', '2026-01-15', 0, '2025-12-20 18:33:51');
INSERT INTO `learning_record` VALUES (12, 1, 12, 1, 3, '2026-01-19', '2026-01-15', 0, '2025-12-20 18:33:52');
INSERT INTO `learning_record` VALUES (13, 1, 13, 1, 3, '2026-01-19', '2026-01-15', 0, '2025-12-20 18:33:53');
INSERT INTO `learning_record` VALUES (14, 1, 14, 1, 3, '2026-01-19', '2026-01-15', 0, '2025-12-20 18:33:54');
INSERT INTO `learning_record` VALUES (15, 1, 15, 1, 4, '2026-01-22', '2026-01-15', 0, '2025-12-20 18:33:54');
INSERT INTO `learning_record` VALUES (16, 1, 16, 1, 3, '2026-01-19', '2026-01-15', 0, '2025-12-20 18:33:55');
INSERT INTO `learning_record` VALUES (17, 1, 17, 1, 3, '2026-01-19', '2026-01-15', 0, '2025-12-20 18:33:56');
INSERT INTO `learning_record` VALUES (18, 1, 18, 1, 3, '2026-01-19', '2026-01-15', 0, '2025-12-20 18:33:56');
INSERT INTO `learning_record` VALUES (19, 1, 19, 1, 3, '2026-01-19', '2026-01-15', 0, '2025-12-20 18:33:57');
INSERT INTO `learning_record` VALUES (20, 1, 20, 1, 0, '2026-01-16', '2026-01-15', 0, '2025-12-20 18:33:58');
INSERT INTO `learning_record` VALUES (21, 1, 21, 1, 0, '2026-01-16', '2026-01-15', 0, '2025-12-20 18:59:40');
INSERT INTO `learning_record` VALUES (22, 1, 22, 1, 3, '2026-01-19', '2026-01-15', 0, '2025-12-21 14:46:34');
INSERT INTO `learning_record` VALUES (23, 1, 23, 1, 1, '2026-01-16', '2026-01-15', 0, '2025-12-21 14:46:35');
INSERT INTO `learning_record` VALUES (24, 1, 24, 1, 3, '2026-01-19', '2026-01-15', 0, '2025-12-21 15:42:00');
INSERT INTO `learning_record` VALUES (25, 1, 25, 1, 3, '2026-01-19', '2026-01-15', 0, '2025-12-21 15:42:01');
INSERT INTO `learning_record` VALUES (26, 1, 26, 1, 3, '2026-01-19', '2026-01-15', 0, '2025-12-21 15:42:01');
INSERT INTO `learning_record` VALUES (27, 1, 27, 1, 3, '2026-01-19', '2026-01-15', 0, '2025-12-21 15:42:02');
INSERT INTO `learning_record` VALUES (28, 1, 28, 1, 2, '2026-01-17', '2026-01-15', 0, '2025-12-21 15:42:02');
INSERT INTO `learning_record` VALUES (29, 1, 29, 1, 3, '2026-01-19', '2026-01-15', 0, '2025-12-21 15:42:03');
INSERT INTO `learning_record` VALUES (30, 1, 30, 1, 3, '2026-01-19', '2026-01-15', 0, '2025-12-21 15:42:03');
INSERT INTO `learning_record` VALUES (31, 1, 31, 1, 0, '2026-01-16', '2026-01-15', 0, '2025-12-21 15:42:04');
INSERT INTO `learning_record` VALUES (32, 1, 32, 1, 0, '2026-01-16', '2026-01-15', 0, '2025-12-21 15:42:04');
INSERT INTO `learning_record` VALUES (33, 1, 33, 1, 2, '2026-01-17', '2026-01-15', 0, '2025-12-21 15:42:04');
INSERT INTO `learning_record` VALUES (34, 1, 34, 1, 3, '2026-01-19', '2026-01-15', 0, '2025-12-21 15:42:05');
INSERT INTO `learning_record` VALUES (35, 1, 35, 1, 2, '2026-01-17', '2026-01-15', 0, '2025-12-21 15:42:05');
INSERT INTO `learning_record` VALUES (36, 1, 36, 1, 0, '2026-01-16', '2026-01-15', 0, '2025-12-21 15:42:06');
INSERT INTO `learning_record` VALUES (37, 1, 37, 1, 0, '2026-01-16', '2026-01-15', 0, '2025-12-21 15:42:06');
INSERT INTO `learning_record` VALUES (38, 1, 38, 1, 0, '2026-01-16', '2026-01-15', 0, '2025-12-21 15:42:06');
INSERT INTO `learning_record` VALUES (39, 1, 39, 1, 1, '2026-01-16', '2026-01-15', 0, '2025-12-21 15:42:07');
INSERT INTO `learning_record` VALUES (40, 1, 40, 1, 3, '2026-01-19', '2026-01-15', 0, '2025-12-21 15:42:07');
INSERT INTO `learning_record` VALUES (41, 1, 41, 1, 1, '2026-01-16', '2026-01-15', 0, '2025-12-21 15:42:07');
INSERT INTO `learning_record` VALUES (42, 1, 42, 1, 3, '2026-01-19', '2026-01-15', 0, '2025-12-21 15:42:08');
INSERT INTO `learning_record` VALUES (43, 1, 43, 1, 0, '2026-01-16', '2026-01-15', 0, '2025-12-21 15:42:08');
INSERT INTO `learning_record` VALUES (44, 1, 44, 1, 3, '2026-01-19', '2026-01-15', 0, '2025-12-21 15:42:12');
INSERT INTO `learning_record` VALUES (45, 1, 45, 1, 3, '2026-01-19', '2026-01-15', 0, '2025-12-21 15:42:12');
INSERT INTO `learning_record` VALUES (46, 1, 46, 1, 0, '2026-01-16', '2026-01-15', 0, '2025-12-21 15:42:13');
INSERT INTO `learning_record` VALUES (47, 1, 47, 1, 3, '2026-01-19', '2026-01-15', 0, '2025-12-21 15:42:13');
INSERT INTO `learning_record` VALUES (48, 1, 48, 1, 3, '2026-01-19', '2026-01-15', 0, '2025-12-21 15:42:13');
INSERT INTO `learning_record` VALUES (49, 1, 49, 1, 1, '2026-01-16', '2026-01-15', 0, '2025-12-21 15:42:14');
INSERT INTO `learning_record` VALUES (50, 1, 50, 1, 3, '2026-01-19', '2026-01-15', 0, '2025-12-21 15:42:14');
INSERT INTO `learning_record` VALUES (51, 1, 54, 4, 0, '2025-12-25', '2025-12-24', 0, '2025-12-23 22:26:40');
INSERT INTO `learning_record` VALUES (52, 2, 1, 1, 3, '2026-01-18', '2026-01-14', 0, '2025-12-24 17:41:00');
INSERT INTO `learning_record` VALUES (53, 2, 2, 1, 2, '2026-01-16', '2026-01-14', 0, '2025-12-24 17:41:02');
INSERT INTO `learning_record` VALUES (54, 2, 3, 1, 3, '2026-01-18', '2026-01-14', 0, '2025-12-24 17:41:02');
INSERT INTO `learning_record` VALUES (55, 2, 4, 1, 2, '2026-01-16', '2026-01-14', 0, '2025-12-24 17:41:03');
INSERT INTO `learning_record` VALUES (56, 2, 5, 1, 3, '2026-01-18', '2026-01-14', 0, '2025-12-24 17:41:04');
INSERT INTO `learning_record` VALUES (57, 2, 6, 1, 3, '2026-01-18', '2026-01-14', 0, '2025-12-24 17:41:04');
INSERT INTO `learning_record` VALUES (58, 2, 7, 1, 3, '2026-01-18', '2026-01-14', 0, '2025-12-24 17:41:04');
INSERT INTO `learning_record` VALUES (59, 2, 8, 1, 3, '2026-01-18', '2026-01-14', 0, '2025-12-24 17:41:05');
INSERT INTO `learning_record` VALUES (60, 2, 9, 1, 2, '2026-01-16', '2026-01-14', 0, '2025-12-24 17:41:06');
INSERT INTO `learning_record` VALUES (61, 2, 10, 1, 2, '2026-01-17', '2026-01-15', 0, '2025-12-24 17:41:06');
INSERT INTO `learning_record` VALUES (62, 2, 11, 1, 5, '2026-02-14', '2026-01-14', 1, '2025-12-24 17:41:06');
INSERT INTO `learning_record` VALUES (63, 2, 12, 1, 5, '2026-02-14', '2026-01-14', 1, '2025-12-24 17:41:07');
INSERT INTO `learning_record` VALUES (64, 2, 13, 1, 5, '2026-02-14', '2026-01-14', 1, '2025-12-24 17:41:07');
INSERT INTO `learning_record` VALUES (65, 2, 14, 1, 5, '2026-02-14', '2026-01-14', 1, '2025-12-24 17:41:07');
INSERT INTO `learning_record` VALUES (66, 2, 15, 1, 5, '2026-02-14', '2026-01-14', 1, '2025-12-24 17:41:08');
INSERT INTO `learning_record` VALUES (67, 2, 16, 1, 3, '2026-01-18', '2026-01-14', 0, '2025-12-24 17:41:08');
INSERT INTO `learning_record` VALUES (68, 2, 17, 1, 3, '2026-01-18', '2026-01-14', 0, '2025-12-24 17:41:08');
INSERT INTO `learning_record` VALUES (69, 2, 18, 1, 2, '2026-01-16', '2026-01-14', 0, '2025-12-24 17:41:09');
INSERT INTO `learning_record` VALUES (70, 2, 19, 1, 1, '2026-01-16', '2026-01-15', 0, '2025-12-24 17:41:09');
INSERT INTO `learning_record` VALUES (71, 2, 20, 1, 3, '2026-01-18', '2026-01-14', 0, '2025-12-24 17:41:10');
INSERT INTO `learning_record` VALUES (72, 2, 21, 1, 3, '2026-01-18', '2026-01-14', 0, '2025-12-24 17:50:30');
INSERT INTO `learning_record` VALUES (73, 2, 22, 1, 2, '2026-01-16', '2026-01-14', 0, '2025-12-24 17:50:31');
INSERT INTO `learning_record` VALUES (74, 2, 23, 1, 3, '2026-01-18', '2026-01-14', 0, '2025-12-24 17:50:32');
INSERT INTO `learning_record` VALUES (75, 2, 24, 1, 3, '2026-01-18', '2026-01-14', 0, '2025-12-24 17:50:32');
INSERT INTO `learning_record` VALUES (76, 2, 25, 1, 0, '2026-01-16', '2026-01-15', 0, '2025-12-24 17:50:33');
INSERT INTO `learning_record` VALUES (77, 2, 26, 1, 2, '2026-01-17', '2026-01-15', 0, '2025-12-24 17:50:33');
INSERT INTO `learning_record` VALUES (78, 2, 27, 1, 0, '2026-01-16', '2026-01-15', 0, '2025-12-24 17:50:34');
INSERT INTO `learning_record` VALUES (79, 2, 28, 1, 2, '2026-01-16', '2026-01-14', 0, '2025-12-24 17:50:34');
INSERT INTO `learning_record` VALUES (80, 2, 29, 1, 3, '2026-01-18', '2026-01-14', 0, '2025-12-24 17:50:35');
INSERT INTO `learning_record` VALUES (81, 2, 30, 1, 1, '2026-01-16', '2026-01-15', 0, '2025-12-24 17:50:36');
INSERT INTO `learning_record` VALUES (82, 2, 31, 1, 0, '2026-01-15', '2026-01-14', 0, '2025-12-24 17:50:36');
INSERT INTO `learning_record` VALUES (83, 2, 32, 1, 0, '2026-01-15', '2026-01-14', 0, '2025-12-24 17:50:37');
INSERT INTO `learning_record` VALUES (84, 2, 33, 1, 3, '2026-01-18', '2026-01-14', 0, '2025-12-24 17:50:37');
INSERT INTO `learning_record` VALUES (85, 2, 34, 1, 2, '2026-01-16', '2026-01-14', 0, '2025-12-24 17:50:38');
INSERT INTO `learning_record` VALUES (86, 2, 35, 1, 3, '2026-01-18', '2026-01-14', 0, '2025-12-24 17:50:38');
INSERT INTO `learning_record` VALUES (87, 2, 36, 1, 2, '2026-01-16', '2026-01-14', 0, '2025-12-24 17:50:39');
INSERT INTO `learning_record` VALUES (88, 2, 37, 1, 1, '2026-01-15', '2026-01-14', 0, '2025-12-24 17:50:39');
INSERT INTO `learning_record` VALUES (89, 2, 38, 1, 1, '2026-01-15', '2026-01-14', 0, '2025-12-24 17:50:39');
INSERT INTO `learning_record` VALUES (90, 2, 39, 1, 3, '2026-01-18', '2026-01-14', 0, '2025-12-24 17:50:40');
INSERT INTO `learning_record` VALUES (91, 2, 40, 1, 3, '2026-01-18', '2026-01-14', 0, '2025-12-24 17:50:40');
INSERT INTO `learning_record` VALUES (92, 2, 41, 1, 0, '2026-01-15', '2026-01-14', 0, '2025-12-25 15:54:22');
INSERT INTO `learning_record` VALUES (93, 2, 42, 1, 0, '2026-01-15', '2026-01-14', 0, '2025-12-25 15:54:23');
INSERT INTO `learning_record` VALUES (94, 2, 43, 1, 0, '2026-01-15', '2026-01-14', 0, '2025-12-25 15:54:23');
INSERT INTO `learning_record` VALUES (95, 2, 44, 1, 1, '2026-01-15', '2026-01-14', 0, '2025-12-25 15:54:24');
INSERT INTO `learning_record` VALUES (96, 2, 45, 1, 1, '2026-01-15', '2026-01-14', 0, '2025-12-25 15:54:24');
INSERT INTO `learning_record` VALUES (97, 2, 46, 1, 1, '2026-01-15', '2026-01-14', 0, '2025-12-25 15:54:25');
INSERT INTO `learning_record` VALUES (98, 2, 47, 1, 2, '2026-01-16', '2026-01-14', 0, '2025-12-25 15:54:25');
INSERT INTO `learning_record` VALUES (99, 2, 48, 1, 0, '2026-01-15', '2026-01-14', 0, '2025-12-25 15:54:25');
INSERT INTO `learning_record` VALUES (100, 2, 49, 1, 0, '2026-01-15', '2026-01-14', 0, '2025-12-25 15:54:26');
INSERT INTO `learning_record` VALUES (101, 2, 50, 1, 2, '2026-01-16', '2026-01-14', 0, '2025-12-25 15:54:26');
INSERT INTO `learning_record` VALUES (102, 3, 105, 5, 1, '2026-01-15', '2026-01-14', 0, '2026-01-14 18:02:05');
INSERT INTO `learning_record` VALUES (104, 3, 106, 5, 0, '2026-01-15', '2026-01-14', 0, '2026-01-14 18:02:07');
INSERT INTO `learning_record` VALUES (106, 1, 105, 5, 1, '2026-01-15', '2026-01-14', 0, '2026-01-14 19:10:33');
INSERT INTO `learning_record` VALUES (107, 1, 106, 5, 1, '2026-01-15', '2026-01-14', 0, '2026-01-14 19:12:24');
INSERT INTO `learning_record` VALUES (109, 1, 107, 5, 1, '2026-01-15', '2026-01-14', 0, '2026-01-14 19:14:44');
INSERT INTO `learning_record` VALUES (110, 1, 108, 5, 1, '2026-01-15', '2026-01-14', 0, '2026-01-14 19:16:08');
INSERT INTO `learning_record` VALUES (111, 1, 55, 2, 5, '2026-02-14', '2026-01-15', 1, '2026-01-14 20:04:54');
INSERT INTO `learning_record` VALUES (112, 1, 56, 2, 5, '2026-02-14', '2026-01-15', 1, '2026-01-14 20:04:55');
INSERT INTO `learning_record` VALUES (113, 1, 57, 2, 5, '2026-02-14', '2026-01-15', 1, '2026-01-14 20:04:56');
INSERT INTO `learning_record` VALUES (114, 1, 58, 2, 5, '2026-02-14', '2026-01-15', 1, '2026-01-14 20:04:57');
INSERT INTO `learning_record` VALUES (115, 1, 59, 2, 5, '2026-02-14', '2026-01-15', 1, '2026-01-14 20:04:58');
INSERT INTO `learning_record` VALUES (116, 1, 60, 2, 5, '2026-02-14', '2026-01-15', 1, '2026-01-14 20:04:58');
INSERT INTO `learning_record` VALUES (117, 1, 61, 2, 5, '2026-02-14', '2026-01-15', 1, '2026-01-14 20:04:59');
INSERT INTO `learning_record` VALUES (118, 1, 62, 2, 5, '2026-02-14', '2026-01-15', 1, '2026-01-14 20:05:00');
INSERT INTO `learning_record` VALUES (119, 1, 63, 2, 5, '2026-02-14', '2026-01-15', 1, '2026-01-14 20:05:00');
INSERT INTO `learning_record` VALUES (120, 1, 64, 2, 5, '2026-02-14', '2026-01-15', 1, '2026-01-14 20:05:01');
INSERT INTO `learning_record` VALUES (121, 1, 65, 2, 2, '2026-01-17', '2026-01-15', 0, '2026-01-14 20:05:01');
INSERT INTO `learning_record` VALUES (122, 1, 66, 2, 0, '2026-01-16', '2026-01-15', 0, '2026-01-14 20:05:02');
INSERT INTO `learning_record` VALUES (123, 1, 67, 2, 0, '2026-01-16', '2026-01-15', 0, '2026-01-14 20:05:02');
INSERT INTO `learning_record` VALUES (124, 1, 68, 2, 0, '2026-01-16', '2026-01-15', 0, '2026-01-14 20:05:03');
INSERT INTO `learning_record` VALUES (125, 1, 69, 2, 2, '2026-01-17', '2026-01-15', 0, '2026-01-14 20:05:03');
INSERT INTO `learning_record` VALUES (126, 1, 70, 2, 2, '2026-01-17', '2026-01-15', 0, '2026-01-14 20:05:04');
INSERT INTO `learning_record` VALUES (127, 1, 71, 2, 2, '2026-01-17', '2026-01-15', 0, '2026-01-14 20:05:04');
INSERT INTO `learning_record` VALUES (128, 1, 72, 2, 2, '2026-01-17', '2026-01-15', 0, '2026-01-14 20:05:04');
INSERT INTO `learning_record` VALUES (129, 1, 73, 2, 2, '2026-01-17', '2026-01-15', 0, '2026-01-14 20:05:04');
INSERT INTO `learning_record` VALUES (130, 1, 74, 2, 1, '2026-01-16', '2026-01-15', 0, '2026-01-14 20:05:05');
INSERT INTO `learning_record` VALUES (131, 2, 55, 2, 1, '2026-01-15', '2026-01-14', 0, '2026-01-14 21:40:42');
INSERT INTO `learning_record` VALUES (132, 2, 56, 2, 0, '2026-01-15', '2026-01-14', 0, '2026-01-14 21:40:42');
INSERT INTO `learning_record` VALUES (133, 2, 57, 2, 0, '2026-01-15', '2026-01-14', 0, '2026-01-14 21:40:43');
INSERT INTO `learning_record` VALUES (134, 2, 58, 2, 1, '2026-01-15', '2026-01-14', 0, '2026-01-14 21:40:44');
INSERT INTO `learning_record` VALUES (135, 2, 59, 2, 1, '2026-01-15', '2026-01-14', 0, '2026-01-14 21:40:44');
INSERT INTO `learning_record` VALUES (136, 2, 60, 2, 1, '2026-01-15', '2026-01-14', 0, '2026-01-14 21:40:45');
INSERT INTO `learning_record` VALUES (137, 2, 61, 2, 0, '2026-01-15', '2026-01-14', 0, '2026-01-14 21:40:45');
INSERT INTO `learning_record` VALUES (138, 2, 62, 2, 1, '2026-01-15', '2026-01-14', 0, '2026-01-14 21:40:45');
INSERT INTO `learning_record` VALUES (139, 2, 63, 2, 1, '2026-01-15', '2026-01-14', 0, '2026-01-14 21:40:46');
INSERT INTO `learning_record` VALUES (140, 2, 64, 2, 1, '2026-01-15', '2026-01-14', 0, '2026-01-14 21:40:46');
INSERT INTO `learning_record` VALUES (141, 2, 65, 2, 5, '2026-02-14', '2026-01-14', 1, '2026-01-14 21:40:47');
INSERT INTO `learning_record` VALUES (142, 2, 66, 2, 5, '2026-02-14', '2026-01-14', 1, '2026-01-14 21:40:47');
INSERT INTO `learning_record` VALUES (143, 2, 67, 2, 5, '2026-02-14', '2026-01-14', 1, '2026-01-14 21:40:47');
INSERT INTO `learning_record` VALUES (144, 2, 68, 2, 5, '2026-02-14', '2026-01-14', 1, '2026-01-14 21:40:48');
INSERT INTO `learning_record` VALUES (145, 2, 69, 2, 5, '2026-02-14', '2026-01-14', 1, '2026-01-14 21:40:48');
INSERT INTO `learning_record` VALUES (146, 2, 70, 2, 0, '2026-01-15', '2026-01-14', 0, '2026-01-14 21:40:48');
INSERT INTO `learning_record` VALUES (147, 2, 71, 2, 1, '2026-01-15', '2026-01-14', 0, '2026-01-14 21:40:49');
INSERT INTO `learning_record` VALUES (148, 2, 72, 2, 1, '2026-01-15', '2026-01-14', 0, '2026-01-14 21:40:50');
INSERT INTO `learning_record` VALUES (149, 2, 73, 2, 1, '2026-01-15', '2026-01-14', 0, '2026-01-14 21:40:50');
INSERT INTO `learning_record` VALUES (150, 2, 74, 2, 1, '2026-01-15', '2026-01-14', 0, '2026-01-14 21:40:51');
INSERT INTO `learning_record` VALUES (151, 2, 75, 2, 1, '2026-01-15', '2026-01-14', 0, '2026-01-14 21:41:01');
INSERT INTO `learning_record` VALUES (152, 2, 76, 2, 1, '2026-01-15', '2026-01-14', 0, '2026-01-14 21:41:02');
INSERT INTO `learning_record` VALUES (153, 2, 77, 2, 1, '2026-01-15', '2026-01-14', 0, '2026-01-14 21:41:02');
INSERT INTO `learning_record` VALUES (154, 2, 78, 2, 1, '2026-01-15', '2026-01-14', 0, '2026-01-14 21:41:03');
INSERT INTO `learning_record` VALUES (155, 2, 79, 2, 1, '2026-01-15', '2026-01-14', 0, '2026-01-14 21:41:03');
INSERT INTO `learning_record` VALUES (156, 2, 80, 2, 1, '2026-01-15', '2026-01-14', 0, '2026-01-14 21:41:03');
INSERT INTO `learning_record` VALUES (157, 2, 81, 2, 1, '2026-01-15', '2026-01-14', 0, '2026-01-14 21:41:04');
INSERT INTO `learning_record` VALUES (158, 2, 82, 2, 1, '2026-01-15', '2026-01-14', 0, '2026-01-14 21:41:04');
INSERT INTO `learning_record` VALUES (159, 2, 83, 2, 1, '2026-01-15', '2026-01-14', 0, '2026-01-14 21:41:04');
INSERT INTO `learning_record` VALUES (160, 2, 84, 2, 1, '2026-01-15', '2026-01-14', 0, '2026-01-14 21:41:05');
INSERT INTO `learning_record` VALUES (161, 2, 85, 2, 1, '2026-01-15', '2026-01-14', 0, '2026-01-14 21:41:05');
INSERT INTO `learning_record` VALUES (162, 2, 86, 2, 1, '2026-01-15', '2026-01-14', 0, '2026-01-14 21:41:06');
INSERT INTO `learning_record` VALUES (163, 2, 87, 2, 1, '2026-01-15', '2026-01-14', 0, '2026-01-14 21:41:06');
INSERT INTO `learning_record` VALUES (164, 2, 88, 2, 1, '2026-01-15', '2026-01-14', 0, '2026-01-14 21:41:06');
INSERT INTO `learning_record` VALUES (165, 2, 89, 2, 1, '2026-01-15', '2026-01-14', 0, '2026-01-14 21:41:07');
INSERT INTO `learning_record` VALUES (166, 2, 90, 2, 1, '2026-01-15', '2026-01-14', 0, '2026-01-14 21:41:07');
INSERT INTO `learning_record` VALUES (167, 2, 91, 2, 1, '2026-01-15', '2026-01-14', 0, '2026-01-14 21:41:08');
INSERT INTO `learning_record` VALUES (168, 2, 92, 2, 1, '2026-01-15', '2026-01-14', 0, '2026-01-14 21:41:08');
INSERT INTO `learning_record` VALUES (169, 2, 93, 2, 1, '2026-01-15', '2026-01-14', 0, '2026-01-14 21:41:09');
INSERT INTO `learning_record` VALUES (170, 2, 94, 2, 1, '2026-01-15', '2026-01-14', 0, '2026-01-14 21:41:09');
INSERT INTO `learning_record` VALUES (171, 1, 75, 2, 2, '2026-01-17', '2026-01-15', 0, '2026-01-14 21:43:50');
INSERT INTO `learning_record` VALUES (172, 1, 76, 2, 2, '2026-01-17', '2026-01-15', 0, '2026-01-14 21:43:51');
INSERT INTO `learning_record` VALUES (173, 1, 77, 2, 0, '2026-01-16', '2026-01-15', 0, '2026-01-14 21:43:51');
INSERT INTO `learning_record` VALUES (174, 1, 78, 2, 0, '2026-01-16', '2026-01-15', 0, '2026-01-14 21:43:51');
INSERT INTO `learning_record` VALUES (175, 1, 79, 2, 1, '2026-01-16', '2026-01-15', 0, '2026-01-14 21:43:52');
INSERT INTO `learning_record` VALUES (176, 1, 80, 2, 1, '2026-01-16', '2026-01-15', 0, '2026-01-14 21:43:52');
INSERT INTO `learning_record` VALUES (177, 1, 81, 2, 0, '2026-01-16', '2026-01-15', 0, '2026-01-14 21:43:53');
INSERT INTO `learning_record` VALUES (178, 1, 82, 2, 2, '2026-01-17', '2026-01-15', 0, '2026-01-14 21:43:54');
INSERT INTO `learning_record` VALUES (179, 1, 83, 2, 2, '2026-01-17', '2026-01-15', 0, '2026-01-14 21:43:55');
INSERT INTO `learning_record` VALUES (180, 1, 84, 2, 2, '2026-01-17', '2026-01-15', 0, '2026-01-14 21:43:55');
INSERT INTO `learning_record` VALUES (181, 1, 85, 2, 2, '2026-01-17', '2026-01-15', 0, '2026-01-14 21:43:55');
INSERT INTO `learning_record` VALUES (182, 1, 86, 2, 2, '2026-01-17', '2026-01-15', 0, '2026-01-14 21:43:56');
INSERT INTO `learning_record` VALUES (183, 1, 87, 2, 0, '2026-01-16', '2026-01-15', 0, '2026-01-14 21:43:56');
INSERT INTO `learning_record` VALUES (184, 1, 88, 2, 0, '2026-01-16', '2026-01-15', 0, '2026-01-14 21:43:57');
INSERT INTO `learning_record` VALUES (185, 1, 89, 2, 2, '2026-01-17', '2026-01-15', 0, '2026-01-14 21:43:57');
INSERT INTO `learning_record` VALUES (186, 1, 90, 2, 2, '2026-01-17', '2026-01-15', 0, '2026-01-14 21:43:58');
INSERT INTO `learning_record` VALUES (187, 1, 91, 2, 2, '2026-01-17', '2026-01-15', 0, '2026-01-14 21:43:58');
INSERT INTO `learning_record` VALUES (188, 1, 92, 2, 2, '2026-01-17', '2026-01-15', 0, '2026-01-14 21:43:58');
INSERT INTO `learning_record` VALUES (189, 1, 93, 2, 0, '2026-01-16', '2026-01-15', 0, '2026-01-14 21:43:59');
INSERT INTO `learning_record` VALUES (190, 1, 94, 2, 2, '2026-01-17', '2026-01-15', 0, '2026-01-14 21:43:59');

-- ----------------------------
-- Table structure for learning_resource
-- ----------------------------
DROP TABLE IF EXISTS `learning_resource`;
CREATE TABLE `learning_resource`  (
  `id` bigint NOT NULL AUTO_INCREMENT COMMENT '主键ID',
  `title` varchar(200) CHARACTER SET utf8mb4 COLLATE utf8mb4_0900_ai_ci NOT NULL COMMENT '标题',
  `content` text CHARACTER SET utf8mb4 COLLATE utf8mb4_0900_ai_ci NULL COMMENT '内容（范文文本或简介）',
  `type` varchar(20) CHARACTER SET utf8mb4 COLLATE utf8mb4_0900_ai_ci NOT NULL DEFAULT 'ARTICLE' COMMENT '类型: ARTICLE/AUDIO/VIDEO',
  `language` varchar(20) CHARACTER SET utf8mb4 COLLATE utf8mb4_0900_ai_ci NOT NULL DEFAULT 'ENGLISH' COMMENT '语言: ENGLISH/JAPANESE/RUSSIAN',
  `url` varchar(500) CHARACTER SET utf8mb4 COLLATE utf8mb4_0900_ai_ci NULL DEFAULT NULL COMMENT '音频/视频URL',
  `is_pinned` tinyint(1) NULL DEFAULT 0 COMMENT '是否置顶',
  `pinned_at` datetime NULL DEFAULT NULL COMMENT '置顶时间',
  `sort_order` int NULL DEFAULT 0 COMMENT '排序权重',
  `cover_url` varchar(500) CHARACTER SET utf8mb4 COLLATE utf8mb4_0900_ai_ci NULL DEFAULT NULL COMMENT '封面图URL',
  `created_by` bigint NULL DEFAULT 0 COMMENT '创建者ID',
  `created_at` timestamp NULL DEFAULT CURRENT_TIMESTAMP COMMENT '创建时间',
  PRIMARY KEY (`id`) USING BTREE,
  INDEX `idx_type`(`type` ASC) USING BTREE,
  INDEX `idx_language`(`language` ASC) USING BTREE,
  INDEX `idx_created_at`(`created_at` ASC) USING BTREE
) ENGINE = InnoDB AUTO_INCREMENT = 19 CHARACTER SET = utf8mb4 COLLATE = utf8mb4_0900_ai_ci COMMENT = '拓展学习资源表' ROW_FORMAT = Dynamic;

-- ----------------------------
-- Records of learning_resource
-- ----------------------------
INSERT INTO `learning_resource` VALUES (1, 'The Importance of Learning Languages', 'Learning a new language opens doors to new cultures and opportunities. It enhances cognitive abilities and provides a competitive edge in the global job market', 'ARTICLE', 'ENGLISH', '', 0, '2026-01-18 00:51:30', 12, NULL, 0, '2026-01-17 12:20:56');
INSERT INTO `learning_resource` VALUES (2, '日本語の基本会話', 'こんにちは！日本語を学ぶことは楽しいです。毎日少しずつ練習することで、上達できます。がんばってください！', 'ARTICLE', 'JAPANESE', '', 0, '2026-01-18 00:51:28', 11, NULL, 0, '2026-01-17 12:20:56');
INSERT INTO `learning_resource` VALUES (3, 'Русский язык для начинающих', 'Здравствуйте! Изучение русского языка - это увлекательное путешествие. Русский язык богат и красив', 'ARTICLE', 'RUSSIAN', '', 0, NULL, 10, NULL, 0, '2026-01-17 12:20:56');
INSERT INTO `learning_resource` VALUES (8, '【中俄字幕】普京2026新年贺词全文', '普京2026新年贺词全文，用于听力理解练习', 'VIDEO', 'RUSSIAN', '/uploads/learning/eca65605-e15a-4b42-ae2d-f8b210d0fda8.mp4', 0, NULL, 1, NULL, 3, '2026-01-17 19:47:28');
INSERT INTO `learning_resource` VALUES (9, '25年俄语公共四级听力音频', '25年俄语公共四级听力音频，用于听力练习', 'AUDIO', 'RUSSIAN', '/uploads/learning/b22499f8-0761-4697-927c-edf972c0ad0a.mp3', 0, NULL, 2, NULL, 3, '2026-01-17 19:49:22');
INSERT INTO `learning_resource` VALUES (10, '高考俄语听力 题目', '1\nМаша, ты ли это?\n玛莎，是你吗？\n\n2\nОй, Борис, вот это встреча!\n哎，鲍里斯，真是个意外的见面！\n\n3\nСлушай, ты совсем не изменилась, а ведь прошло столько времени.\n听着，你一点都没变，已经过了这么久。\n\n4\nДа, почти десять лет.\n是啊，差不多十年了。\n\n5\nЧто у тебя нового?\n你有什么新鲜事？\n\n6\nНичего особенного.\n没什么特别的。\n\n7\nРаботаю все там же.\n我还是在那儿工作。\n\n8\nЗначит, в лаборатории?\n那就是在实验室？\n\n9\nА семья как?\n家里怎么样？\n\n10\nСколько лет сейчас твоей дочери?\n你女儿现在几岁了？\n\n11\nДевятнадцать.\n十九岁。\n\n12\nСовсем взрослая?\n真是长大了？\n\n13\nУчится?\n她在上学吗？\n\n14\nВ университете.\n在大学。\n\n15\nКак время летит.\n时间过得真快。\n\n16\nДа, подумать только.\n是啊，想想都让人惊讶。\n\n17\nЛена, кто твой папа по профессии?\n莉娜，你爸爸是做什么的？\n\n18\nОн – журналист.\n他是记者。\n\n19\nСаша, что ты обычно делаешь вечером?\n萨沙，你晚上通常做什么？\n\n20\nЯ смотрю телевизор.\n我看电视。\n\n21\nОля, что ты больше любишь – спорт или музыку?\n奥莉亚，你更喜欢运动还是音乐？\n\n22\nМузыку.\n音乐。\n\n23\nДима, куда ты поедешь на летние каникулы?\n迪玛，你暑假打算去哪儿？\n\n24\nВ гости.\n去拜访。\n\n25\nДядя.\n叔叔。\n\n26\nАнна, где ты сейчас учишься?\n安娜，你现在在哪里上学？\n\n27\nВ Московском университете.\n在莫斯科大学。\n\n28\nНа каком факультете?\n哪个系？\n\n29\nНа историческом.\n历史系。\n\n30\nБудьте добры, два билета на Лебединое озеро.\n请给我两张天鹅湖的票。\n\n31\nНа сегодня.\n今天的。\n\n32\nНа сегодня билетов уже нет.\n今天已经没有票了。\n\n33\nЕсть ли у тебя билеты на Лебединое озеро?\n你有天鹅湖的票吗？\n\n34\nЕсть – на завтра.\n有——明天的。\n\n35\nХорошо.\n好的。\n\n36\nДва билета – на завтра.\n两张票——明天的。\n\n37\nС вас – девятьсот рублей.\n你需要支付九百卢布。\n\n38\nБудьте добры, два билета на Лебединое озеро.\n请给我两张天鹅湖的票。\n\n39\nНа сегодня.\n今天的。\n\n40\nНа сегодня билетов уже нет.\n今天已经没有票了。\n\n41\nЕсть – на завтра.\n有——明天的。\n\n42\nХорошо.\n好的。\n\n43\nДва билета на Лебединое озеро.\n两张天鹅湖的票。\n\n44\nНа сегодня.\n今天的。\n\n45\nС вас девятьсот рублей.\n你需要支付九百卢布。\n\n46\nЗдравствуй, Андрей.\n你好，安德烈。\n\n47\nГоворят, ты купил новую квартиру?\n听说你买了新公寓？\n\n48\nДа, мы уже переехали в новый дом.\n是的，我们已经搬进新家了。\n\n49\nПриезжай к нам в среду на новоселье.\n周三来我们家庆祝乔迁吧。\n\n50\nС удовольствием.\n我很乐意。\n\n51\nА квартира большая?\n公寓大吗？\n\n52\nНет, не очень.\n不太大。\n\n53\nДве комнаты.\n两个房间。\n\n54\nА какой этаж?\n几楼？\n\n55\nЧетвёртый.\n第四层。\n\n56\nЗдравствуй, Андрей.\n你好，安德烈。\n\n57\nГоворят, ты купил новую квартиру?\n听说你买了新公寓？\n\n58\nДа, мы уже переехали в новый дом.\n是的，我们已经搬进新家了。\n\n59\nПриезжай к нам в среду на новоселье.\n周三来我们家庆祝乔迁吧。\n\n60\nС удовольствием.\n我很乐意。\n\n61\nА квартира большая?\n公寓大吗？\n\n62\nНет, не очень.\n不太大。\n\n63\nДве комнаты.\n两个房间。\n\n64\nА какой этаж?\n几楼？\n\n65\nЧетвёртый.\n第四层。\n\n66\nНина, хочешь с нами в воскресенье поехать в лес за грибами?\n妮娜，想和我们一起去森林里采蘑菇吗？\n\n67\nС удовольствием, Яша.\n我很乐意，雅沙。\n\n68\nА кто ещё с нами поедет?\n还有谁会和我们一起去？\n\n69\nМои товарищи по работе.\n我的同事们。\n\n70\nНас будет шесть-семь человек.\n我们会有六到七个人。\n\n71\nГде и когда мы собираемся?\n我们在哪里和什么时候集合？\n\n72\nМы собираемся у Казвокзала в восемь тридцать.\n我们在八点半在火车站集合。\n\n73\nХорошо.\n好的。\n\n74\nПостараюсь не опоздать.\n我会尽量不迟到。\n\n75\nНина, хочешь с нами в воскресенье поехать в лес за грибами?\n妮娜，想和我们一起去森林里采蘑菇吗？\n\n76\nС удовольствием, Яша.\n我很乐意，雅沙。\n\n77\nА кто ещё с нами поедет?\n还有谁会和我们一起去？\n\n78\nМои товарищи по работе.\n我的同事们。\n\n79\nНас будет шесть-семь человек.\n我们会有六到七个人。\n\n80\nГде и когда мы собираемся?\n我们在哪里和什么时候集合？\n\n81\nМы собираемся у Казвокзала в восемь тридцать.\n我们在八点半在火车站集合。\n\n82\nХорошо.\n好的。\n\n83\nПостараюсь не опоздать.\n我会尽量不迟到。\n\n84\nСергей, ты любишь спорт?\n谢尔盖，你喜欢运动吗？\n\n85\nДа, Вера, очень люблю.\n是的，维拉，我非常喜欢。\n\n86\nЯ занимаюсь спортом каждый день.\n我每天都在运动。\n\n87\nКакой вид спорта тебе больше всего нравится?\n你最喜欢什么运动？\n\n88\nКонечно, баскетбол.\n当然是篮球。\n\n89\nГде ты играешь в баскетбол?\n你在哪里打篮球？\n\n90\nЯ играю в спортивном зале нашей школы.\n我在我们学校的体育馆打篮球。\n\n91\nА ты чем занимаешься?\n你在做什么？\n\n92\nЯ уже три года плаваю.\n我已经游泳三年了。\n\n93\nДва раза в неделю хожу в бассейн.\n每周去游泳池两次。\n\n94\nТы умеешь плавать?\n你会游泳吗？\n\n95\nДа, я неплохо плаваю.\n是的，我游得不错。\n\n96\nМой отец давно меня научил.\n我父亲很久以前教我的。\n\n97\nСергей, ты любишь спорт?\n谢尔盖，你喜欢运动吗？\n\n98\nДа, Вера, очень люблю.\n是的，维拉，我非常喜欢。\n\n99\nЯ занимаюсь спортом каждый день.\n我每天都在运动。\n\n100\nКакой вид спорта тебе больше всего нравится?\n你最喜欢什么运动？\n\n101\nКонечно, баскетбол.\n当然是篮球。\n\n102\nГде ты играешь в баскетбол?\n你在哪里打篮球？\n\n103\nЯ играю в спортивном зале нашей школы.\n我在我们学校的体育馆打篮球。\n\n104\nА ты чем занимаешься?\n你在做什么？\n\n105\nЯ уже три года плаваю.\n我已经游泳三年了。\n\n106\nДва раза в неделю хожу в бассейн.\n我每周去游泳池两次。\n\n107\nТы умеешь плавать?\n你会游泳吗？\n\n108\nДа, я неплохо плаваю.\n是的，我游得不错。\n\n109\nМой отец давно меня научил.\n我父亲很久以前就教过我。\n\n110\nПосле открытия своей выставки картин русский художник Дмитрий Белюкин неожиданно исчез.\n俄罗斯艺术家德米特里·别柳金在开幕自己的画展后意外消失。\n\n111\nНикто не знал, где он, даже его друзья-художники.\n没有人知道他在哪里，甚至他的艺术家朋友们也不知道。\n\n112\nОн появился только теперь.\n他直到现在才出现。\n\n113\nИ он начал писать через три дня с новой картиной.\n他在三天后开始创作新画。\n\n114\nМне подарили много прекрасных цветов.\n我收到了很多美丽的花。\n\n115\nЯ решил написать картину с этим букетом.\n我决定画一幅这束花的画。\n\n116\nПисать нужно было быстро, ведь цветы живут недолго, — сказал художник.\n画画必须快，因为花的生命不长，——艺术家说。\n\n117\nТак он работает.\n他就是这样工作的。\n\n118\nСтремится всегда написать то, что видит.\n他总是努力画出他所看到的。\n\n119\nЧто ему интересно.\n他感兴趣的东西。\n\n120\nНедавно художник закончил работу над рисунками для книги А.С.\n最近，艺术家完成了为A.S.\n\n121\nПушкина «Евгений Онегин», которая продолжалась целых пятнадцать лет.\n普希金的《叶甫盖尼·奥涅金》绘制插', 'ARTICLE', 'RUSSIAN', '', 0, NULL, 3, NULL, 3, '2026-01-17 19:51:06');
INSERT INTO `learning_resource` VALUES (11, '【中日双语】日语情景对话 介绍认识篇', '日语情景对话介绍认识篇，用于教学学习', 'VIDEO', 'JAPANESE', '/uploads/learning/52285f62-49d1-46d3-a048-3e4c0ef79f31.mp4', 0, NULL, 4, NULL, 3, '2026-01-17 19:53:45');
INSERT INTO `learning_resource` VALUES (12, '【中英双语】mezii BLAST 伦敦英语采访', '【中英双语】mezii BLAST 伦敦英语采访，用于视频理解练习', 'VIDEO', 'ENGLISH', '/uploads/learning/9873c194-0672-446e-bc5d-395137ffa383.mp4', 0, NULL, 5, NULL, 3, '2026-01-17 19:56:05');
INSERT INTO `learning_resource` VALUES (13, '2024年07月N1 答案解析', '問題１ \n１、 正解：1  翻译：防止食品的腐坏。 \n①腐敗（ふはい）：腐坏，腐烂；腐败，堕落。 \n②ふばい：干扰项，无常用词。 \n③ふうはい：干扰项，无常用词。 \n④ふうばい：干扰项，无常用词。 \n２、 正解：3 翻译：这边好像更粗糙一点。 \n①鈍い（にぶい）：钝；迟钝；不清晰。ナイフが鈍くて切れない。小刀不快切不动。 \n②脆い（もろい）：脆弱；易坏；不坚强。岩が風化して脆くなっている。岩石风化变脆了。 \n③粗い（あらい）：粗糙，稀疏；粗枝大叶；荒凉。表面が粗い紙。表面粗糙的纸。 \n④緩い（ゆるい）：松，不严；缓慢；不陡峭。緩いテンポ。慢速。 \n３、 正解：2 翻译：这是保护胃黏膜的药。 \n①せんまく：干扰项，无常用词。 \n②粘膜（ねんまく）：粘膜。鼻の粘膜が弱い。鼻孔粘膜柔弱。 \n③ねんばく：干扰项，无常用词。 \n④せんばく：干扰项，无常用词。 \n４、 正解：2 翻译：根据科学的进步，人们的性命延长了。 \n①じゅうみょう：干扰项，无常用词。 \n②寿命（じゅみょう）：寿命；耐用期限。寿命が尽きる。寿命已到。 \n③受命（じゅめい）：接受命令。 \n④じゅうめい：干扰项，无常用词。 \n５、 正解：４ 翻译：信里是规劝我的内容。 \n①咎める（とがめる）：责难，责备，盘问。彼を咎める理由がない。 \n②責める（せめる）：责备；苛责，折磨；逼问。自分を責めて人を責めるな。要责备自己，不要责\n备他人。 \n③慰める（なぐさめる）：安慰。病気の友を慰める。安慰病患中的友人。 \n④戒める（いましめる）：劝告；规劝；戒除；警惕。子供のいたずらを戒める。规劝孩子不要淘气。 \n６、 正解：３ 翻译：在契约书上签名的时候，有点紧张。 \n①契約書（けいやくしょ）：合同书。契約書を結ぶ。签约。 \n②せつやくしょ：干扰项，无常用词。 \n③誓約書（せいやくしょ）：承诺书。 \n④けつやくしょ：干扰项，无常用词。 \n問題２ \n７、 正解：2 这次发现的遗迹，看来从根本上颠覆了至今以来的学说。 \n①拠点（きょてん）：基地，依据。軍事拠点。军事基地。 \n②根底（こんてい）：根底，基础。根底がしっかりしている。基础稳固。 \n2 \n③原本（げんぽん）：原本，原书。原本に忠実に訳す。对原书忠实翻译。 \n④元祖（がんそ）：始祖，鼻祖。アメリカの元祖はどこから来たか。美国人的祖先是哪里人。 \n８、 正解：4 翻译：因为是1年中最忙的时候，所以连休息日都没休息。 \n①寄付（きふ）：捐献，赠给，赠送。寄付を募る。募捐。 \n②還元（かんげん）：化学还原反应；恢复原状。酸化銅を還元すると銅ができる。 \n氧化铜一还原就成了铜。 \n③進呈（しんてい）：赠送，奉送。無料進呈。免费赠送。 \n④返上（へんじょう）：归还；奉还。休日も返上した。甚至连休息日也不休息。 \n９、 正解：4 翻译：从外部打来的电话需要确认一下来意，然后转接给负责人。 \n①繰り越す（くりこす）：转入；滚入。次のページへ繰り越す。转下页。 \n②差し替える（さしかえる）：更换；替换。カードを差し替える。替换卡片。 \n③引き渡す（ひきわたす）：交给；（犯人）引渡；拉上（幕布）。荷物を引き渡す。交货。 \n④取り次ぐ（とりつぐ）：传达，转达；经销。伝言がおありでしたら、お取り次ぎします。您若有口信，\n我给您转达。 \n１０、 正解：1 翻译：对新生活的期待和不安交织在一起，心情难以平静。 \n①交錯（こうさく）：交錯，錯杂。期待と不安の交錯。期待和不安的交错。 \n②混合（こんごう）：混合不同性质的物体混合在一起。油と水は混合しない。油和水不能混合。 \n③連動（れんどう）：联动，连锁，传动。距離計がカメラのレンズと連動する。测距计跟照相机的\n镜头联动。 \n④反発（はんぱつ）：弹回，回弹；回升；顶撞。彼の発言はみんなの反発を買った。他的讲话遭\n到了大家的反对。 \n１１、 正解：1 翻译：因为有地基薄弱的地方，所以施工难以进展。 \n①難航（なんこう）：困难的航程；难以航行；难以进展。捜査が難航する。搜查难以开展。 \n②低迷（ていめい）：低垂；沉沦，低潮。市場は低迷状態だ。市场处于低迷状态。 \n③衰退（すいたい）：衰退；因衰弱而失去势力。病気で体力が衰退の一途を辿る。因患疾病，体\n力一直衰退下去。 \n④脱落（だつらく）：漏掉，脱离。文字の脱落がないが調べる。审查有无掉字。 \n１２、 正解：3 翻译：会场里面人们的说话声吵吵嚷嚷地很聒噪。 \n①じわじわ：一点一点地，慢慢地。水がじわじわ沁みてくる。水慢慢地渗过来。 \n②どろどろ：沾满泥巴；黏糊；隆隆声。道がどろどろで歩きにくい。路上泥泞不堪不好走。 \n③がやがや：吵吵嚷嚷；喧嚣。部屋の中ががやがやと騒がしい。房间里叽里呱啦很吵闹。 \n④べたべた：厚厚涂膜；纠缠；黏糊糊。絵の具をべたべたと塗る。厚厚地涂一层颜料。 \n１３、 正解：2 翻译：有人邀请我去登山，但是因为我没有什么经验，怕给大家添麻烦所以拒绝\n了…… \n①骨折り：努力，劳苦；尽力；帮忙。骨折りがいがあった。没有白费力气。 \n②足手まとい：缠住手脚，碍手碍脚，绊脚石。子供が足手まといになった。孩子成了累赘。 \n③裏目：尺子的背面刻度；骰子的背面；跟预想不一样的坏的结果。裏目に出る。事与愿违。④\nおよび腰：欠身哈腰；态度暧昧。及び腰で交渉する。以暧昧的态度进行交涉。 \n3 \n問題３ \n１４、 正解：3 翻译：这个决定委托给A公司。 \n委託する（いたくする）：委托。任務を代理人に委託する。把任务委托给代理人。 \n①戻す（もどす）：归还，退回；复原；使……倒退。書類を戻す。把文件退回。 \n②送る（おくる）：送；寄。商品を送る。送货。 \n③任せる（まかせる）：托付；听任，任凭。運を天に任せる。听天由命。 \n④譲る（ゆずる）：转让；让步；出让。道を譲る。让路。 \n１５、 正解：２ 翻译：听了那番话后神清气爽。 \nすがすがしい：神清气爽的，清爽的。すがすがしい気分。清爽的感觉。 \n①憂鬱（ゆううつ）：忧郁不安。憂鬱な顔をする。露出忧郁的神色。 \n②爽やか（さわやか）：清爽，爽朗。爽やかな朝風。清爽的晨风。 \n③楽しい（たのしい）：快乐，愉快。旅行は楽しいです。旅行愉快。 \n④懐かしい（なつかしい）：怀念；眷恋。懐かしい故郷。怀念的故乡。 \n１６、 正解：3 翻译：有必要筹集重建的费用。 \n工面する：设法筹措，筹划，筹款。 \n①減らす（へらす）：减少；饿肚子。運動して脂肪を減らす。锻炼身体减少脂肪。 \n②計算する（けいさんする）：计算。損益を計算する。计算盈亏。 \n③用意する（よういする）准备，预备；警惕，防备。寝具を用意する。准备睡觉用的东西。 \n④支払う（しはらう）：支付。給与を支払う。发工资。 \n１７、 正解：1 翻译：因为是工作的道具，如果被马虎对待的话会让人困扰的。 \nぞんざい：粗糙，草率，马虎。ぞんざいなやりかた。做法粗糙。 \n①雑（ざつ）：粗糙，粗枝大叶。実に雑な字だなあ。真是潦草的字。 \n②変（へん）：奇怪。頭が変だ。脑子不正常。 \n③危険（きけん）：危险。危険に陥る。陷入危机。 \n④強引（ごういん）：强行，强制。そんなに強引にやろうとしたって無理だ。 \n１８、 正解：４ 翻译：男子垂头听着父亲的话。 \nうなだれる：垂头，低头。項垂れて考え込む。低头沉思。 \n①ふざけた態度：不正经的态度。 \n②目を閉じて：闭上眼睛。 \n③まじめな表情：认真的表情。 \n④下を向いて：低垂，向下。 \n１９、 正解：4 翻译：由于天气造成的工程推迟，对于负责人来说是很大的打击。 \n打撃：打击。精神的に強い打撃を受けた。精神上收到强烈打击。 \n①アクシデント：accident。事故。 \n②タブー：taboo。禁忌的言行 \n③プレッシャー： pressure。压力。 \n④ダメージ：dameiji。损坏，破坏，损伤。 \n4 \n問題４ \n２０、 正解：2  \n解析：風潮：潮流，风向，风潮。 \n①流行（りゅうこう）：时髦。 \n②什么事情都按照经济效率来判断是现在社会的风气。 \n③傾向（けいこう）：趋势。 \n④雰囲気（ふんいき）：氛围。 \n２１、 正解：1  \n解析：もたらす：招致，引发，带来（主要跟抽象东西一起搭配）。 \n①科学的快速进步给我们的生活带来的巨大的变化。 \n②持って来た：带来。 \n③鍛える（きたえる）：锻炼。 \n④得る（える）：得到。 \n２２、 正解：3  \n解析：撤回（てっかい）：撤回；撤销。“撤回前言” \n①やめて：放弃 \n②キャンセル：取消 \n③水野氏下午立刻撤回了今天上午在记者会上的发言。 \n④あきらめて：放弃 \n２３、 正解：3  \n解析：補填（ほてん）：填补，补贴，补偿。赤字を補填する。弥补赤字。 \n①記入（きにゅう）：填入。 \n②補充（ほじゅう）：补充。 \n③新业务产生的赤字将由其他业务的收入弥补。 \n④フォロー：跟进。 \n２４、 正解：１  \n解析：コンスタント：一定的；恒长不变的。 \n①这个商品自从发售以来，每个月固定卖50个左右。 \n②ラストシーン：最后一幕。 \n③去掉コンスタント更通顺自然。 \n④老けず（ふけず）：不衰老。 \n２５、 正解：4  \n解析：ずばり：直截了当，开门见山地。 \n①鮮明（せんめい）：鲜明清晰地。 \n②删掉ずばりと \n③きちんと：好好地，整整齐齐地。 \n④被友人直截了当地指出自己的缺点，沮丧了一段时间。 \n問題５ \n5 \n26  \n机の引き出しを整理していたら、以前使っていた電卓が出てきた。まだ使え（ 3 ）するが、使う\n機会がなさそうなので処分しようと思う。 \n在整理桌子抽屉的时候，发现了之前用过的台式电子计算机。 虽然还能用，但是好像也\n没有使用的机会了，所以想处理掉。 \n1. すら 极端举例 就连～都 \n2. さえ 极端举例 就连～都 \n3.は ①围绕某已知话题进行提问、阐述。②对一般客观事态做出判断。③突出，表示对比。。 \n4.も 也。 \n27 \n彼はわずか27歳（ 1  ） 市長となった。 \n他仅仅27岁的时候就成为了市长。 \n1 にして ①表示时间、次数等，“在⋯⋯的时候““在某个时间段”。彼は 40 歳にして父親になっ\nた。②表示并列，“既是⋯⋯又是⋯⋯”彼は医者にして作家でもある。 \n2 にあって 描述某种场合、时间、情况，“处于⋯”在⋯⋯之下”地球温暖化が進む状況にあって、\n低炭素社会への変革が求められている。 \n3 に際して在……之际（包含“以某件事情为契机”的意思）このたびの私の転職に際しましては、\n大変お世話になりました。 \n4 に先立って 在……之前；留学に先立つ書類の準備に、時間もお金もかかってしまった。 \n28 \n（ホームページで） \n当センターの相談窓口に（ 4 ）、事前にご連絡をお願いいたします。 \n当客人您要来相谈窗口的时候，请事先和我们联系。 \n1 伺って以来 （谦）自从拜访以来 \n2 伺う際は（谦）在拜访之际 \n3 お越しになって以来 （敬）自从您到来之后 \n4 お越しになる際は （敬）在您到来之际 \n29 \n6 歳の息子は、将来私と同じ消防士になりたいと言っている。実際に（ 2 ）、そんなことを言っ\nてくれたことがうれしい。 \n6 岁的儿子说他将来想成为和我一样的消防员。虽然他是否真的会成为消防员还不确定，\n但他说这样的话让我感到很高兴 \n1 なるかどうかに限らず 无论是否成为消防员 \n2 なるかどうかはともかく “是否成为消防员暂且不论”，即把是否成为消防员这个条件放在一\n边，不影响现在的感受。这个选项正好表达了“虽然未来是否成为消防员不确定，但现在听到\n儿子这么说很高兴”的意思，符合句子的语境。 \n3 ならざるを得ないとしても 即使不得不成为（消防员）”，通常用在表达某种不可避免的情况。 \n6 \n4ならざるを得ないばかりか 不仅仅是（不得不成为），而且还……”用于表示一种递进的关系。\n这个选项也不符合句子的语境', 'ARTICLE', 'JAPANESE', '', 0, NULL, 6, NULL, 3, '2026-01-17 20:00:02');
INSERT INTO `learning_resource` VALUES (14, '2024年07月N1 听力音频', '2024年07月N1听力音频，用于日语N1听力练习', 'AUDIO', 'JAPANESE', '/uploads/learning/8f847631-99ff-4220-b496-ada89f9a3884.mp3', 0, '2026-01-18 00:16:33', 7, NULL, 3, '2026-01-17 20:05:55');
INSERT INTO `learning_resource` VALUES (15, '2025年6月 四级真题第1套', 'Part II \nSection A\nListening Comprehension\n(25 minutes)\nDirections: In this section, you will hear three news reports. At the end of each news report, you will hear two or\nthree questions. Both the news report and the questions will be spoken only once. After you hear a question, you\nmust choose the best answer from the four choices marked A), B), C) and D). Then mark the corresponding letter\non Answer Sheet 1 with a single line through the centre.\nQuestions 1 and 2 are based on the news report you have just heard.\n1. A) By slapping some butter on it. \nB) By enhancing its nourishment. \n2. A) To introduce their com to tourists. \nB) To attend an honorary ceremony. \nC) By growing it in South Dakota.\nD) By cooking it in vegetable oil.\nC) To share experience with other com growers.\nD) To exhibit their com at the state\'s Com Palace.\nQuestions 3 and 4 are based on the news report you have just heard.\n3. A) Stole mail several times. \nB) Forged postal keys illegally. \n4. A) A sentence for life. \nB) Loss of all their possessions. \nC) Attacked postmen on multiple occasions.\nD) Broke a number of postal collection boxes.\nC) Twenty-three years\' hard labor.\nD) Up to fifteen years in prison.\nQuestions 5 to 7 are based on the news report you have just heard.\n5. A) It escapes regulation and misleads consumers.\nB) It ignores economically feasible recycling options.\nC) It creates waste and severely impacts the environment.\nD) It produces clothes affordable only to a tiny minority.\n6. A) To cut consumers? expenses in buying quality clothes.\nB) To enable the whole fast-fashion industry to be sustainable.\nC) To incentivize manufacturers to be more consumer-friendly.\nD) To urge manufacturers and consumers to reduce waste.\n7. A) Recognizing the impact on consumers. \nC) Abandoning the current business model.\nB) Identifying the source of the problem. \nD) Establishing powerful regulatory bodies.\n1\n・2025年6月四级真题（第一套）・\nSection B\nDirections: In this section, you will hear two long conversations. At the end of each conversation, you will hear\nfour questions. Both the conversation and the questions will be spoken only once. After you hear a question, you\nmust choose the best answer from the four choices marked A), B), C) and D). Then mark the corresponding letter\non Answer Sheet 1 with a single line through the centre.\nQuestions 8 to 11 are based on the conversation you have just heard.\n8. A) The city\'s rush-hour traffic is intolerable.\nB) She cannot avoid rush-hour traffic.\n9. A) Upgrading subway carriages.\nB) Increasing the number of bus routes.\n10. A) He suffers from rush-hour crowding too.\nB) He is fortunate to live very near to work.\n11. A) Recommend to her a good house near his office.\nB) Send her his housing agenfs telephone number.\nC) The local government is inefficient.\nD) The city is too big to move around easily.\nC) Air conditioning the city\'s subway.\nD) Learning from other big cities.\nC) He takes a half-hour bus ride to work.\nD) He is going to move closer to his office.\nC) Tell her exactly what kind of property to look for.\nD) Make sure the agent finds something good for her.\nQuestions 12 to 15 are based on the conversation you have just heard.\n12. A) He was remembered for the scar on his cheek.\nB) He received a heart operation a few days ago.\n13. A) The man\'s deep sympathy fbr Johnny.\nB) The man\'s use of the expression \'fixed\'.\n14. A) It gave him a noticeable smartness.\nB) It made him appear even more manly.\n15. A) Liberal.\nB) Hostile.\nSection C\nC) He used to wear a sad face in school.\nD) He had some plastic surgery done.\nC) The man\'s covering up of what happened.\nD) The man\'s good memory of his childhood.\nC) It seemed to give him a certain uniqueness.\nD) It seemed to make up for his physical defects.\nC) Indifferent.\nD) Critical.\nDirections: In this section, you will hear three passages. At the end of each passage, you will hear three or four\nquestions. Both the passage and the questions will be spoken only once. After you hear a question, you must\nchoose the best answer from the four choices marked A), B), C) and D). Then mark the corresponding letter on\nAnswer Sheet 1 with a single line through the centre.\nQuestions 16 to 18 are based on the passage you have just heard.\n16. A) Through deliberation.\nB) Through evolution.\n17. A) With people imitating sounds around them.\nB) With people interacting with animals close by.\nC) Through invention.\nD) Through collaboration.\nC) With people showing each other things nearby.\nD) With people trying to string sounds together.\n18. A) Making sounds can free one\'s hands for doing other things.\nB) Making sounds proves markedly easier than sign languages.\n•2025年6月四级真题（第一套）・\n2\nC) Making sounds enables one to express their ideas more explicitly.\nD) Making sounds helps one communicate with people they can\'t see.\nQuestions 19 to 21 are based on the passage you have just heard.\n19. A) Well disciplined. \nB) Quite confident. \nC) Somewhat selfish.\nD) Highly intelligent.', 'ARTICLE', 'ENGLISH', '', 0, '2026-01-18 00:51:27', 9, NULL, 3, '2026-01-17 20:14:14');
INSERT INTO `learning_resource` VALUES (16, '2025年6月第一套 四级音频', '2025年6月第一套 四级音频，用于听力练习', 'AUDIO', 'ENGLISH', '/uploads/learning/60abfabc-6b16-42d4-b744-e91a549e59f1.mp3', 0, '2026-01-18 00:16:40', 8, NULL, 3, '2026-01-17 20:15:45');
INSERT INTO `learning_resource` VALUES (18, '1', '1', 'ARTICLE', 'ENGLISH', '/uploads/learning/1768669276692_高考俄语听力.txt', 0, NULL, 0, NULL, 3, '2026-01-18 01:01:20');

-- ----------------------------
-- Table structure for mistake_record
-- ----------------------------
DROP TABLE IF EXISTS `mistake_record`;
CREATE TABLE `mistake_record`  (
  `id` bigint NOT NULL AUTO_INCREMENT,
  `user_id` bigint NOT NULL COMMENT '用户ID',
  `word_id` bigint NOT NULL COMMENT '单词ID',
  `book_id` bigint NOT NULL COMMENT '所属单词书ID',
  `mistake_count` int NULL DEFAULT 1 COMMENT '错误次数',
  `last_mistake_time` timestamp NULL DEFAULT CURRENT_TIMESTAMP ON UPDATE CURRENT_TIMESTAMP COMMENT '最后一次错误时间',
  `created_at` timestamp NULL DEFAULT CURRENT_TIMESTAMP,
  PRIMARY KEY (`id`) USING BTREE,
  UNIQUE INDEX `uk_user_word`(`user_id` ASC, `word_id` ASC) USING BTREE,
  INDEX `idx_user_book`(`user_id` ASC, `book_id` ASC) USING BTREE
) ENGINE = InnoDB AUTO_INCREMENT = 55 CHARACTER SET = utf8mb4 COLLATE = utf8mb4_0900_ai_ci COMMENT = '错题本' ROW_FORMAT = DYNAMIC;

-- ----------------------------
-- Records of mistake_record
-- ----------------------------
INSERT INTO `mistake_record` VALUES (1, 1, 54, 4, 1, '2025-12-24 20:15:10', '2025-12-24 20:15:10');
INSERT INTO `mistake_record` VALUES (2, 2, 41, 1, 2, '2026-01-14 20:50:29', '2025-12-25 15:54:23');
INSERT INTO `mistake_record` VALUES (3, 2, 44, 1, 1, '2025-12-25 15:54:24', '2025-12-25 15:54:24');
INSERT INTO `mistake_record` VALUES (4, 2, 45, 1, 1, '2025-12-25 15:54:25', '2025-12-25 15:54:25');
INSERT INTO `mistake_record` VALUES (5, 2, 46, 1, 1, '2025-12-25 15:54:25', '2025-12-25 15:54:25');
INSERT INTO `mistake_record` VALUES (6, 2, 10, 1, 1, '2025-12-25 15:54:33', '2025-12-25 15:54:33');
INSERT INTO `mistake_record` VALUES (7, 2, 11, 1, 1, '2025-12-25 15:54:33', '2025-12-25 15:54:33');
INSERT INTO `mistake_record` VALUES (8, 2, 12, 1, 1, '2025-12-25 15:54:33', '2025-12-25 15:54:33');
INSERT INTO `mistake_record` VALUES (9, 2, 13, 1, 1, '2025-12-25 15:54:34', '2025-12-25 15:54:34');
INSERT INTO `mistake_record` VALUES (10, 2, 14, 1, 1, '2025-12-25 15:54:34', '2025-12-25 15:54:34');
INSERT INTO `mistake_record` VALUES (12, 2, 26, 1, 1, '2025-12-25 15:54:39', '2025-12-25 15:54:39');
INSERT INTO `mistake_record` VALUES (14, 2, 31, 1, 2, '2026-01-14 20:50:25', '2025-12-25 15:54:42');
INSERT INTO `mistake_record` VALUES (15, 2, 37, 1, 1, '2025-12-25 15:54:45', '2025-12-25 15:54:45');
INSERT INTO `mistake_record` VALUES (16, 2, 38, 1, 1, '2025-12-25 15:54:45', '2025-12-25 15:54:45');
INSERT INTO `mistake_record` VALUES (17, 3, 106, 5, 1, '2026-01-14 18:02:07', '2026-01-14 18:02:07');
INSERT INTO `mistake_record` VALUES (18, 1, 55, 2, 1, '2026-01-14 20:04:55', '2026-01-14 20:04:55');
INSERT INTO `mistake_record` VALUES (19, 1, 56, 2, 1, '2026-01-14 20:04:56', '2026-01-14 20:04:56');
INSERT INTO `mistake_record` VALUES (20, 1, 59, 2, 1, '2026-01-14 20:04:58', '2026-01-14 20:04:58');
INSERT INTO `mistake_record` VALUES (21, 1, 61, 2, 1, '2026-01-14 20:05:00', '2026-01-14 20:05:00');
INSERT INTO `mistake_record` VALUES (22, 1, 67, 2, 2, '2026-01-15 00:17:55', '2026-01-14 20:05:03');
INSERT INTO `mistake_record` VALUES (23, 1, 68, 2, 2, '2026-01-15 00:17:55', '2026-01-14 20:05:03');
INSERT INTO `mistake_record` VALUES (24, 1, 74, 2, 1, '2026-01-14 20:05:06', '2026-01-14 20:05:06');
INSERT INTO `mistake_record` VALUES (25, 2, 19, 1, 1, '2026-01-14 20:50:17', '2026-01-14 20:50:17');
INSERT INTO `mistake_record` VALUES (26, 2, 30, 1, 1, '2026-01-14 20:50:25', '2026-01-14 20:50:25');
INSERT INTO `mistake_record` VALUES (27, 2, 32, 1, 1, '2026-01-14 20:50:25', '2026-01-14 20:50:25');
INSERT INTO `mistake_record` VALUES (28, 2, 42, 1, 1, '2026-01-14 20:50:30', '2026-01-14 20:50:30');
INSERT INTO `mistake_record` VALUES (29, 2, 43, 1, 1, '2026-01-14 20:50:30', '2026-01-14 20:50:30');
INSERT INTO `mistake_record` VALUES (30, 2, 48, 1, 1, '2026-01-14 20:50:33', '2026-01-14 20:50:33');
INSERT INTO `mistake_record` VALUES (31, 2, 49, 1, 1, '2026-01-14 20:50:33', '2026-01-14 20:50:33');
INSERT INTO `mistake_record` VALUES (32, 2, 56, 2, 1, '2026-01-14 21:40:43', '2026-01-14 21:40:43');
INSERT INTO `mistake_record` VALUES (33, 2, 57, 2, 1, '2026-01-14 21:40:43', '2026-01-14 21:40:43');
INSERT INTO `mistake_record` VALUES (34, 2, 61, 2, 1, '2026-01-14 21:40:46', '2026-01-14 21:40:46');
INSERT INTO `mistake_record` VALUES (35, 2, 69, 2, 1, '2026-01-14 21:40:49', '2026-01-14 21:40:49');
INSERT INTO `mistake_record` VALUES (36, 2, 70, 2, 1, '2026-01-14 21:40:49', '2026-01-14 21:40:49');
INSERT INTO `mistake_record` VALUES (37, 1, 79, 2, 1, '2026-01-14 21:43:53', '2026-01-14 21:43:53');
INSERT INTO `mistake_record` VALUES (38, 1, 80, 2, 1, '2026-01-14 21:43:53', '2026-01-14 21:43:53');
INSERT INTO `mistake_record` VALUES (39, 1, 88, 2, 2, '2026-01-15 00:18:06', '2026-01-14 21:43:57');
INSERT INTO `mistake_record` VALUES (40, 1, 93, 2, 2, '2026-01-15 00:18:08', '2026-01-14 21:43:59');
INSERT INTO `mistake_record` VALUES (41, 1, 66, 2, 1, '2026-01-15 00:17:54', '2026-01-15 00:17:54');
INSERT INTO `mistake_record` VALUES (42, 1, 77, 2, 1, '2026-01-15 00:17:59', '2026-01-15 00:17:59');
INSERT INTO `mistake_record` VALUES (43, 1, 78, 2, 1, '2026-01-15 00:18:00', '2026-01-15 00:18:00');
INSERT INTO `mistake_record` VALUES (44, 1, 81, 2, 1, '2026-01-15 00:18:01', '2026-01-15 00:18:01');
INSERT INTO `mistake_record` VALUES (45, 1, 87, 2, 1, '2026-01-15 00:18:05', '2026-01-15 00:18:05');
INSERT INTO `mistake_record` VALUES (46, 1, 20, 1, 1, '2026-01-15 00:18:22', '2026-01-15 00:18:22');
INSERT INTO `mistake_record` VALUES (47, 1, 21, 1, 1, '2026-01-15 00:18:23', '2026-01-15 00:18:23');
INSERT INTO `mistake_record` VALUES (48, 1, 31, 1, 1, '2026-01-15 00:18:27', '2026-01-15 00:18:27');
INSERT INTO `mistake_record` VALUES (49, 1, 32, 1, 1, '2026-01-15 00:18:28', '2026-01-15 00:18:28');
INSERT INTO `mistake_record` VALUES (50, 1, 36, 1, 1, '2026-01-15 00:18:30', '2026-01-15 00:18:30');
INSERT INTO `mistake_record` VALUES (51, 1, 37, 1, 1, '2026-01-15 00:18:30', '2026-01-15 00:18:30');
INSERT INTO `mistake_record` VALUES (52, 1, 38, 1, 1, '2026-01-15 00:18:30', '2026-01-15 00:18:30');
INSERT INTO `mistake_record` VALUES (53, 1, 43, 1, 1, '2026-01-15 00:18:33', '2026-01-15 00:18:33');
INSERT INTO `mistake_record` VALUES (54, 1, 46, 1, 1, '2026-01-15 00:18:35', '2026-01-15 00:18:35');

-- ----------------------------
-- Table structure for user
-- ----------------------------
DROP TABLE IF EXISTS `user`;
CREATE TABLE `user`  (
  `id` bigint NOT NULL AUTO_INCREMENT COMMENT '主键ID',
  `username` varchar(50) CHARACTER SET utf8mb4 COLLATE utf8mb4_0900_ai_ci NOT NULL COMMENT '用户名',
  `password` varchar(100) CHARACTER SET utf8mb4 COLLATE utf8mb4_0900_ai_ci NOT NULL COMMENT '加密后的密码',
  `role` varchar(20) CHARACTER SET utf8mb4 COLLATE utf8mb4_0900_ai_ci NULL DEFAULT 'USER' COMMENT '角色: USER/ADMIN',
  `created_at` timestamp NULL DEFAULT CURRENT_TIMESTAMP COMMENT '注册时间',
  `avatar` longtext CHARACTER SET utf8mb4 COLLATE utf8mb4_0900_ai_ci NULL COMMENT '用户头像(Base64)',
  PRIMARY KEY (`id`) USING BTREE,
  UNIQUE INDEX `username`(`username` ASC) USING BTREE
) ENGINE = InnoDB AUTO_INCREMENT = 5 CHARACTER SET = utf8mb4 COLLATE = utf8mb4_0900_ai_ci COMMENT = '用户表' ROW_FORMAT = Dynamic;

-- ----------------------------
-- Records of user
-- ----------------------------
INSERT INTO `user` VALUES (1, 'test', 'e10adc3949ba59abbe56e057f20f883e', 'USER', '2025-12-20 17:38:46', '');
INSERT INTO `user` VALUES (2, 'test1', 'e10adc3949ba59abbe56e057f20f883e', 'USER', '2025-12-23 22:37:01', 'data:image/jpeg;base64,/9j/4AAQSkZJRgABAQEAYABgAAD/2wBDAAMCAgMCAgMDAwMEAwMEBQgFBQQEBQoHBwYIDAoMDAsKCwsNDhIQDQ4RDgsLEBYQERMUFRUVDA8XGBYUGBIUFRT/2wBDAQMEBAUEBQkFBQkUDQsNFBQUFBQUFBQUFBQUFBQUFBQUFBQUFBQUFBQUFBQUFBQUFBQUFBQUFBQUFBQUFBQUFBT/wAARCAJFAkUDASIAAhEBAxEB/8QAHwAAAQUBAQEBAQEAAAAAAAAAAAECAwQFBgcICQoL/8QAtRAAAgEDAwIEAwUFBAQAAAF9AQIDAAQRBRIhMUEGE1FhByJxFDKBkaEII0KxwRVS0fAkM2JyggkKFhcYGRolJicoKSo0NTY3ODk6Q0RFRkdISUpTVFVWV1hZWmNkZWZnaGlqc3R1dnd4eXqDhIWGh4iJipKTlJWWl5iZmqKjpKWmp6ipqrKztLW2t7i5usLDxMXGx8jJytLT1NXW19jZ2uHi4+Tl5ufo6erx8vP09fb3+Pn6/8QAHwEAAwEBAQEBAQEBAQAAAAAAAAECAwQFBgcICQoL/8QAtREAAgECBAQDBAcFBAQAAQJ3AAECAxEEBSExBhJBUQdhcRMiMoEIFEKRobHBCSMzUvAVYnLRChYkNOEl8RcYGRomJygpKjU2Nzg5OkNERUZHSElKU1RVVldYWVpjZGVmZ2hpanN0dXZ3eHl6goOEhYaHiImKkpOUlZaXmJmaoqOkpaanqKmqsrO0tba3uLm6wsPExcbHyMnK0tPU1dbX2Nna4uPk5ebn6Onq8vP09fb3+Pn6/9oADAMBAAIRAxEAPwD9PtN0eHSo9lugRfQVfBb1/WlAPrml9qUUorlQm23dide5xS496P50opiDkdTTWZvcU+gd6Bjfm+v40u76/nQ3ak/EUAOz25pfxpo6U6gYzp3Jpd2OKD79KTr3/KgkXn1pvLdDS+2KNwGRigBvIPUingn1zSZP4Uvp3oAX8aTJ6UfpR196Bhz05/ClPFIPpS80hibsdeKAT1J4p3XtRTEJ/wACo7d6KTPOMGgY6jvRRnrSAKKKSgBaRj270Y/Gjn8KYDefU0nPqfzpx/Sk4XGeKBAAfU0pJHelFJ0PrQAm4+4pwzSUfU0AO/Wg0nNFAwo56Zo5ooAOfXNLRQaADtTeT7UvX3o/WgBaKQtijrQAtJuHrQab6UALu9KQfX9aXBHoKOaBCc+ppcnoDmlOaT8KAF5paT60tAxDmmlm/wDrZp3NM478n2oEG4+uKXPvmlH0paAG8+vNLk+9AWl4HegBP0peaDRz6UDE5peaTnt0oz68mgQvNMbLdM/gadn6UMueaAIyzdMnPtSbj6mnNgexpODx3qhCq59f1p+7vTV4pQe1Sxjs01mJ6Uv4c0n4UAEeTnJNFKnU0UwEXFJ9KXhuKX8cfWkITH/66NtLjPWjFAxBjPNO4pv6Uvoc0AG4elJRuB/+vRgHtzQADJ9hTqTGaXafWgYZphUZzTxSdO9AhPz/ACo5HPWlz6dDRj0oAT60q+1H60v6UAB9aT9KM+vFNxQA/cPWjik6f4UbvwoAdRSA/nR0oGH40D60hxTaBDu/JNJuz0OKTcPrSelAD89h1pfT1po9jgU4HrmgAP1pOKXdjtSfyoGFN3UrYI64FMH+eaZJIOe1Jz2FAxS4pDA0CkwPrS7eKAFz70m7tScUv48UAH3hzSqMcdKbkU6gBaSilxQMQn2pu4e9OIHWm8f/AFqAEOc9KUdOBRnpzR+lBIc5xzTlHcGkApf0oGHvmkDA0tLQMbntilpKKAHUlAoJoARv85pBx7UhAb6UuNvXFAhV+lLj3pv8qX6EUAO/Gk7dKTr1pelAxOnQUmadSN6Z5oAMj1oxSccA04ADmgQfhSE079KQ0DGfeFN6cEU7bjJ7U7FMkYpNKFpdvvmjOOKQCqMUY+ppNw78U4dKBgqhelFLRQMizTlxUarTwtMgMj8KMr17+9HakP50DHBlbpzSmminL9aQDaXd2zS/WkwPoKBi880bhRk0UDG8N0paXr2pRQIT71Jt/Cne3Sj60AIM/jSjp60UY/KgYetJ06ClpaAE57Uh+lL+NFAB296MUUUgEIpu2n038MUxDcGlGPxo289xTttAhP50ufwpskixRtJIyoijJZjgD8a8y8ZftNfDPwMzxal4sspbpODbWDG5kz6ERg4P1xXVh8LiMZLkw9NzfZJv8jnrYijho81aaivNpHp+78qGP+RXyF4r/wCChui2pkj8NeF7zUT0WfUZlgQ++1dzfyryXxJ+3P8AEzXFdLCTS9Bjbp9jtfMkH/ApC38q+0wnA+dYqzlTUF/eaX4K7/A+axHFGW0dFJyfkv1dkfotjjjNZupeI9I0Nd2papZaeo6tdXKRj/x4ivyj8SfGLx74s3jVvGOs3aP1i+2NHH/3whA/SuMkzNIXmdpnPVpCWJ/E19Vh/Deo/wDeMSl/hjf8W1+R4NbjOP8Ay5ofe7fkn+Z+sGqftCfDTRd/2rxvooZeCsV0srfkmTXKal+2Z8I9PbH/AAkzXX/XtYzv/wCyV+ZqqPSmyLXu0/DnLYr95Wm/TlX6M8qfGWOfwU4r73+qP0auf28PhVDkR3OrXGP+eensM/8AfRFUJP8AgoB8NI+ln4gf6Wcf/wAcr87WbFN3ZrtjwBky353/ANvL/I5f9bcye3Kvl/wT9EV/4KDfDVjg2HiJf+3OP/47VuH9vb4YTdU1yL/esR/RzX5yLipAwpvgHJf7/wD4F/wA/wBbMz7x+7/gn6V2v7b3wluFBk1q8tT/ANNtOm/9lU10Gm/tY/CTUgvl+NbGIt2uElh/Pcor8teGo2gVzVPDvKZfBUqL5xf/ALabw4vzGPxRg/k/8z9gdF+JnhHxIobS/E+kagP+ne+jc/kGzXSJIsiBkYMp5BU5Br8XFVM9BW3o/i7XdBYNpmualp7Dp9lvJI//AEFhXiV/DaP/AC4xX3x/VP8AQ9KnxrNfxqH3S/zX6n7E001+YHh39q/4p+GSoi8VzahEox5WpRJcD82G79a9Y8M/8FCdftVjTxB4WsdRHRprCdrdj77W3jP4ivmsVwBnFHWjy1F5Oz/8mt+Z7VDjDLqulTmh6q/5XPuX8KUCvn/wb+258OPE2xNRmvfDlweq38BaP/vuPcPzAr2rw34y0HxhbC40TWbHVosZ3WdwsmPqAcj8a+KxmVY7L3bFUZQ9Vp9+x9RhcwwmMV8PVUvR6/dua9JzjkcU6mlq8o9AXcPXFJu98/jQfm7UBSeRigB1FJjNH4ZoGKT6ijn0oo/WgQ1qPw4peO/FKKAE47ijaPQUv+elJzzQA6k49KMUUDBqb06CndaTbQAnPelH5UbR9KM0AL+ooo/lRQAc9jS0nPfpS0ANpD7UuD2OaTJ7igQvG2k5o7c/pSfepgOjPWihB1opAMH50qn3pgYe1LuCn1NMQ/r0o4/Gm+YKXIx60gFGOlHPYUitu7U76dKBi5z1GKQ0tHWgBNo9MUUAGlP1oGJg+tGexoH1pcUCEzS0m0elKaBifTgUq0cd6BjHpQIWjNJ/nrSbvakMdR+FJRu96YC0lL9KiuLmGyt5J7iaOCCNdzyyMFVQO5J4AoXZC2JcUnX6V84fFT9uHwZ4Laay8Oq3i3VEyu62bZaI3vKR83/AAfrXyJ8TP2o/iH8TWmhvNabStLkyP7N0rMEe30Zgdz/ice1ffZVwVmmZWnUj7KHeW/yjv99l5nyWYcT4DBNwg/aS7R2+b2+6599fEj9pL4ffC8SR6rrsNzqCf8w/TsXE+fQhThf+BEV8weP/APgoRr2oeZB4Q0G30eHot5qJ8+b6hBhV/HdXyQXxUTyV+r5dwNleCtKsnVl3lt/4Cv1ufAYzijMMVdU37OPlv9/+VjsvGnxc8ZfESR28Q+JNQ1KNjn7O8xWAfSNcKPyrkAir0wB7Ve8O+F9b8X3f2XQtIvtYuOnl2Vu0pH12jj8a958D/sK/EjxRHFPqq2Phe2bk/bpfMmx/1zTOPoSK+qxGOy3J4ctWpCkl00X3RWv4Hg0cPjMxnenCU331f3tnz0HxT1lHAzz2Fff/AIM/4J9+CdG8uXxBqmpeIp1+9GrC1gJ/3Vy2P+BV7d4T+CvgPwKqf2L4T0uxkXkTfZxJKP8AgbZb9a+KxniFldDTDwlUf/gK/HX/AMlPpcPwjj62taUYL73+Gn4n5aaB4B8T+KmVdH8O6pqeTgG1s5HX8wMCvQ9F/ZC+K+uYZfCzWSE43X1zFDj3wWz+lfp4uFUBRtXsAMClJr5HEeI2Ml/u+HjH1bl+XKfQUeC8PH+NWlL0SX+Z+fuj/wDBP3x7eIHv9Y0PTfVfMkmb9EA/Wus03/gnXOw/4mPjeNfa108n9WevtXn1xQRxXg1eOc8qfDVUfSMf1TPVp8KZVDeDfrJ/o0fJdn/wTs8KqF+1+K9YnPfyYoowfzDYrSX/AIJ6/D7bg614hY+onhH/ALSr6h+tO7V50uLM7k7vEy/Bfkjujw/lcVpQX4/5nzEv/BPn4bqOdR8Qt/29xf8AxqoLr/gnj4Bkz9n1zxBAfeaF/wD2nX1F+Bp49elZ/wCtGdJ3+tS+80/sLLP+fET4/vf+CcuiNk2fjXUofQT2kcn8itctq3/BOfXI8nTPGmn3Hot3ZvF+qs38q+6aWu6lxpntL/l/f1jF/oc1ThnKqn/Lq3o3/mfnBq37B/xS00Zto9H1Qf8ATtfbD/5EVa4HXv2dPib4Z3G+8F6qUXrJaxfaF/OMtX6u0V7lDxEzOm/31OEl6NP8Hb8Dy6vB2Bl/DnKPzT/T9T8ZNQtbnS7hoL23ms51OGjuIzGwPpgiolfOOa/ZDV/DuleIITDqmmWepRHgpdwJKv5MDXk3iz9j74WeK1kb/hHV0e4Y5M+lStAR/wAB5T/x2vq8J4j4OdliqEoecWpfny/qeBiOC8RHWhVUvVNf5n5oLIFFWbHU7nTbhbiyuZrO5XlZreRo3H0ZSDX114y/4J3yLuk8J+LN3HFtrEP/ALUj/wDia8E8cfs0fEn4eiSTUfDVxdWif8vmm/6TFj1O35lH1Ar7fB8S5RmXuUa6u+ktH9z3+Vz5fEZHj8F71Wk7LqtV+Gx0XgX9sL4k+CGSOXVV8R2K/wDLvrC+Y2PaQYcfiTX0f8PP28fBviMx23ieyufC142AZubi1J9dyjcv4r+Nfn8zFXZWBVlOCp4IpweuTMeE8ozFNypckn1h7r+7Z/NG+Ez/ADHBWUanMu0tf+D+J+w/h3xRo3i6xW90TVLPVrVuk1nOsi/iQeK1vwr8dfDvirWPCOpJqGh6pdaTep0ns5TG30OOo9jkV9N/C79vjXtGaGz8b6cmu2Ywp1CxURXKj1ZPuP8Ahtr8rzTw/wAbhk6mBmqse20v8n96fkfeYDi/C1rQxcfZvvuv81/Wp94fpSfjXHfDz4weEPipY/aPDWt29+4XdJak7LiL/ejbDD64xXYV+X1qNXD1HSrRcZLdNWf3M+7p1adaCnSkpJ9Vqg+tLim05axNEFAoo60hhRS80UwEo5/Gjil3flQAn6UbutL70h+tABmikz3BzR/wKgBc5Bpu7Ax1pc/Q0cHvQIB9fwpelIoA70bs8dqBi9aZtOc5p/Sjn0oAbnHU8UhyetOP603Jx0piHqc5opE70UgKw+tLkmjn3py4qiQA9DRt7U8rmhfzpDFUe9Ppoz6UvPOeKQwP60opO/vR9aBjvekIpaOnOKAEoB5xR+NFIA/Wk47cUbgvWl/WmA05owG6mndKP0oEM2nrnFJk+mad+H6Um3PUc0xC49eRSlgqkkgADJJ7VwPxY+NnhP4M6SLzxDf7LiRSbfT7f57m4/3U7D/aOB718BfG/wDa08W/F+Saxgkbw94aJwum2kh3yr/02kGC3+6ML7HrX1+ScL4/O2p01yU/5nt8u/5d2j53NM9wuWJxk+af8q/Xt/Wh9YfGn9tTwr8OWm0zw+qeKtdXKt5EmLSBv9uQfeP+yufcivij4nfHrxp8Xrhj4h1eRrHdlNNtcxWqf8AB+Y+7En3rzjzBVmxtLjUruK1tYJLq5lbbHDChd3PoFHJNfveT8MZdkqU6cOaa+3Lf5dI/L5tn5JmOeY3MnyzlaL+ytvn3+YBhTo4ZLqVIoo2llc4WNFLMx9AB1r6T+E/7DPi3xl5N94ql/wCEU0tsN5DqHvJF/wBzon/Ajn/Zr7I+GXwD8E/CW3X+wdHiF7jD6jdfvbl/+Bn7v0XArgzfjfLMtvTov21TtH4V6y2+652Zdwxjsa1OovZw7vf5L/Ox8H/Dj9jb4h+P/KuLmyTwxpj8/adVyshHqsI+Y/jtHvX1D8O/2Gfh74T8qfWkuPFuoLyTfHy7cH2iU8j/AHi1fR5XOaRUFfj+ZcZ5tmF4xqezj2hp+O/4peR+jYLhnAYSzlHnl3lr+GxU0fRdP8PWCWWl2Ftp1pGMLBawrEg/BQBV/d8vtSbaAoFfCyk5Nyk7tn1UYqKSSshd3vQO9H1pfU9RUlEbccZ49KXcMZ/pRxn0pm70FMkerDt/Kl6nrSKNw9KdtGORk0ihPrS5/GjHpwaXBoASl5+o+lHf3pOec0DFGaKPpR0xQAtJ9KThqM+3FAC4pu3j1+tLuXpmjjtQAUq+tJ+v0paAOG8dfA3wJ8SFdtf8NWN3cMP+PtI/KnHv5iYb8zXzD8Sv+CfU8bTXfgbXFlj5I03V+GHssqjn/gSj619sUm3ua+jy3iLM8ra+r1ny/wAr1j9z2+Vjxcbk+Bx6ftqav3Wj+9fqfkF44+Gvin4aah9k8TaJdaU+cJJKmYpP9yQZVvwNc9+tfspqel2OtWUlnqFpBfWko2vBcRiRGHupGDXzP8Wv2E/DPipZb7wZcf8ACMamfm+ytmSzkPpj70f4ZH+zX67lPiFhq7VPMYezf8y1j81uvxPzzMOD69JOeDlzrs9H9+z/AAPgqw1C60m8ivLG5msruE7o7i3kKSIfUMORX058IP27tf8AC/kad44tm8SaauFGow4W8jHqw4WX9D7mvDPiR8G/GPwmvvs/iXRprWFjiO+j/eW0v+7IOM+xwfauNUBq+9xmByziCgnVjGpF7SW69JL+u58fh8TjsorP2TcJLdP9Uz9ePh/8TPDPxQ0ZdT8M6tBqVvx5iocSQsf4ZEPzKfqK6nFfjv4V8Wa14H1qHVtA1O40rUIuk1s+0kf3WHRl9iCK+0/gb+3NYa80GjfEFYdIv2wkesQjFrKf+mg/5Zn3+7/u1+J55wJi8vTr4BurTXT7S+XX5a+R+o5VxXQxdqWLXs59/sv/AC+f3n1pz60hzTbe4juoY5oJFmhkUMkkbBlYHoQR1FPb9a/LtmfdiZz2pf0pnIpw96ADrzS/SjA/GikMKQ806kP4UwG80UHP4UfQUCDvilxnpRgUjZ5oAOec9aAT0xmgemaXigBee54opFYcgHml+lAxG9zRupaTAbmgQq9TRQveigZAevSnD9KQjHfNLux70yReG6U4Cmqc5OcCnfhmkAZFHFG6k69KBjgPxpRikXPc0uKAEP5UfjRg/Sg+9ABk9e1JkU0+9KrDsMUAA+bp+dOGF5zQM0vHPFAB/Kj8aRvTtVHW9c0/w1pN1qeqXkNhp9qhkmuZ2CoijuTTjFyajFXbJlJRV3okXc4718s/tCftraf4JkufD/gcwaxrq5jm1JsPa2rdCF/56OP++R3z0rxv9or9sbVPiI1zoHhCSbR/DBzHLdD5Lm+HQ5PVEP8AdHJ7+lfMp9BxX7fw3wKrRxWbL0h/8l/l9/Y/MM54pbvQy9+sv/kf8/u7mj4m8Tap4u1e41XWb+fUtRuG3S3Fw+5m9vYDsBwKxGNbvhfwjrPjjXbbRtC0+bU9SuDiOCBcn3YnoqjuTwK+6/gR+w9ofgtrbWfGzQ+IdbXDpYgZs7dvcH/WsPU/L7d6/Rc3z7L+H6SVZ+9b3YLd/LovN6dj43L8rxebVH7JadZPb7+rPmX4H/skeMPjE0OoTIfDvhpjn+0ryM7pl/6Yx8F/944X3Nfffwh+APg74MaesWhacJNRZcTardASXMvr82PlH+yuBXoqosahVUKqjAAGAPalzX8+55xVj87bhN8lL+VbfN7v8vJH69leQYTK0pRXNP8Amf6dv61DnsM0c0fSjn6V8YfSiHPccUHHbilOcUnPGeTQAobd05o59KMflRjNAw6Ucd/1pNpNOxQA1vYUmAecU7Ao2j0oECgdaX2oxRQMKBilpP0pAH44pPxp360lMBPxxS9aMD6UUAGKaKU89Pzo/HmgBOGzkUu78aXaO9H6UAJ+lGO9Opmfm7kUAOopDRnFAC0lOpDzQBT1XSrHXLGew1GzhvrKddstvcRh0cehU8Gvlb4wfsH6TrSz6l4BuV0a9wW/sq6YtbOfRG5aM/XI+lfWuKXFexlub43KantMJUce66P1W36nmY3LcLmEOTEQv59V6M/Hfxd4P1vwDrk2keINNn0vUYesU643D+8p6Mp9QSKx9wPWv12+Inwu8M/FXRW0vxLpcV/ByY5fuywt/ejccqfpwe+a+Avj1+yL4j+EslxqmjibxD4VXLG5jTM9qvpKo7D++OPXFfvuQcaYTNLUMT+7q/8Akr9H38n8mz8ozbhqvgb1aPv0/wAV6r9V+BjfA/8Aag8UfBO4jtEdta8Mlv3mk3Dn92M8tC38B9vun071+hPwr+MHhn4x6AuqeHL5ZyuBcWcuFntmP8MidvYjg9jX5JjDLxyK2fBvjPW/h54ittc8PahLpuowHiSM8OvdHXoynup4rTiDhDC5ynXoWp1u/SX+JfqtfUxyniKvljVKr79Lt1Xp/lt6H7D8+nFGa8M/Z5/ap0L40W8Wl3xj0bxcifvLBmxHc4HLwE9R3Knke45r3XHPSv51x2BxOW15YbFQcZL+rruvM/ZMLiqONpKvh5c0X/X3+Q36kGnUh9hRjvXAdgoo/Ckyfx96XPrQAjevSkH507Ofak5oEHSl4pAwpevuaBhj2pNo696Wj9KAExto/Ok460fjQIdRjFJ060h70AOXiikQ5z60UAR4596AB6/rTtp5wcUH3oEN29+lAx9adt/H3pOelMB272pduOlIrD0oFIY4fWlpu6gmgYE9e9N3AduKOe3NN5X+tAgYj0oXHb+VOJ+hoUUxDv1o+hxQK5T4m/E7QvhL4Tude1+58m2j+WOFMGW4kPSONe7H9Op4FaUaVSvUjSpR5pPRJbtkVKkKUHUqOyW7LXj74gaF8MvDF1r3iG+SysIB35eVuyIvVmPYCvzV/aA/aP17456xslL6Z4at3JtNJR+PaSUj77/ovbuTifG342a98bvFLapqrm3sYSVsdNjYmK2T+rnu3f2GBXm8km3Nf0hwtwhTymKxWLXNXf3R8l5938l5/i+fcRTzCToYd2pL75evl2X3+Uu6vUPgb+z94l+OWtCLTYvsWiwuBd6vOp8qL1Vf774/hH4kCu8/Zd/ZJvPiy8XiTxOk2n+EVOYY1ykuoEHop6rH6t36D1H6G6D4f03wro9rpWkWMOnadbJshtrdAqIPp/XvXLxPxnSyxyweAtKts30j/m/LZdextkfDVTHJYnF+7T6LrL/Jfi+nc5b4T/Bfwv8ABvQRp/h+xVJnUfab+bDXFy3q7enoowB6V3G3byOtKDSc/wCRX8918RVxVWVavJyk929WfsFGjToU1TpRUYrohN35UvuBTSp+opyjHSsDUXJppxn/ABp5pvrjrQMOe5/Kl4o6daWgYUmKXnPXNHP40AN5pRn6mk/HmnDPpQIKWiikMKOe1FFABSZpfek/CmAEe2TSbc0tGaADmk/nS0n4UALzn2paSigBc4FJ1oz75pOetAAGB75obFJzRz9KBDqKbzTh9MUAFLTc+9LmgYtFJmk3fjQA6kZQylWAKkYIPejd3zRQB8oftAfsT6f4oN34g8BpFpertmSbSeFtrlupMf8AzzY+n3T7da+GtZ0W+8P6pc6bqdpNYX9s5jmtrhCrow7EGv2TyR2zXkH7QH7N+h/HDSjN8ml+JbdMWupoud3pHKB95P1Hb0P6vw1xrVwTjhcyfNT2Ut3H17r8V57HwGd8MU8UnXwa5Z9V0f8Ak/w/M/L6Gaaxuobq2mkt7mFxJFNExV0YHIZSOQR6193/ALMP7Y8Hi77F4T8dXCW2vHEVpq0mFivT0CSdlk9+jex4Pxd488C658NfEt1oXiGxexv4D35SRezo3RlPqK5tlDV+xZtlGB4jwajUs9Lxmul+qfVd1s/xPzjAZhislxDlDTpKL6+vZ+Z+02feivi39k/9rzzGs/BHjy9/eHbDputXDfe7LDMx79lc9eh9a+06/mDN8oxOS4l4bEr0fRruv60P3LLsxoZnQVeg/VdU+zGt780nJ9hTqX+deKemNPbmgLzknmnfhSGgA+tLikB/GjcfpQA6mt+lAPrS9e2aBjO/NKvOcGk24zij86CRxPHPNMb64p2D9aP0pgJH35opyd6KBhgUU3f19aXdmkIMe+KPu0Z96CwFABz1pceppM5pT9aBhQMUHJ70Kp9c0AG2k2+pp3FJ7A8UDEwBwcUnf3p3bg8Vna/r2n+F9HvdX1W6jstOs4mmnuJThUUf56dzVRi5yUYq7ZnKSirydkZnxC+IGjfDHwnfeIteuRbafar0HLyufuxoO7MeAP6Cvy9+NXxp1v44eLn1fVGNvZQ5Sw01WzHax56e7ngs3c+wArZ/aN+P+pfHTxWJP3ln4bsWZdOsCe3QyyersP8AvkcDuT5E0m36V/SnCHC0cppLF4pXry/8lXZefd/Lvf8AFeIs8lmNT6vQf7pf+TPv6dl8/R8jbVr6p/ZT/ZDk8by2vjDxtaNF4eGJbLTJQVa+7h3HURe38X06v/ZI/ZSPjlrTxr4xtivh9W8yw06UYN8QeJHH/PLPQfxfTr99KqxqqIoRFGAqjAA9MV4XF/GDw7ll2XS97aUl08l59306a7erw7w77blxmNj7u8Y9/N+XZdfTdsEMVrBHBBEkMUahEjjAVVUDAAA6ADtTufSlb3pMjPrX4Nufq4m00uKX73ekxQAAHtThRR+FAw+gpMUv6UcH3pDE3dv50v400np3PvRz6YpiFb603bu6Gl2/jR7dKADaPTml/PFGKPxxQAv4UtH40UDCiiigApM/lS0hNAAaTPrwKKRuO1ABuPpS5pMBvr70bR2oEL17cUuKBRQMXHbFJR9KKAD6Uh6elLx6U1h+FAhFxTu3tTAvbpTl+uaAAqPTNJz60714zTeRQAufek+ho/WndqYBj8/pS8+tAzS0hjeaKWj8M0CPPvjR8E/D/wAbfC76ZrEXk3kYLWWpRqPOtn9Qe6nup4P1wa/Mn4ofCvX/AIQ+Kp9B1+38uZfnguI8mK5jzgSIe49R1B4NfrvurhPjF8H9E+NHhCbRdXTyply9nfIoMtrLjhl9R2K9CPwI/QOF+KquS1FQrvmoPdfy+a/VdfU+TzzIqeZwdWlpVX4+T/Rn5IyRbxgjI719w/sdftTNqS2ngHxle5vFAi0nU525mA4EEjH+MfwsevTrjPyj8TfhnrXwm8XXPh/XoPLuY/nimTPlXERPyyIe4P5g5BrlvusCpKlTkMpwQfUGv3vM8rwXEmBUJtNNXjJa27Nfqup+TYLG4nJcU5RVmtJRfXyf6M/aCivl39j/APaVk+IVgng7xNdB/EtnHm0u5DzfQqOQfWRR1/vDnqDX1Apr+Wc0yzEZTipYTEq0l9zXRryf/A3P3bA46jmFCOIoPR/g+z8xT9aQ9MdadimNgdR+leUd4ciijnsKUc5zQADI7ZpaP0ppbrnpQA7ikxSZHpSZHagB9JuBHrRndSE+lACr1NFCtnPFFAEeTjFH44pNwb605QO9USL/ACpSobANGOeuKBUlAAPSlx6UvHegn8KQCZApV6cUY9qRaYwPrTRz60N35NNUDsMUEittUEk4HUknAFfnf+2B+0Y3xM15/Cvh+5J8KabJ+9mjPF/OD973jU8L6nLelev/ALa37RH/AAjOny+APD11t1e8j/4mlxEebaBh/qgezuOvop/2q+D2Ydq/cuBuGrJZri46/YT/APSv/kfv7H5bxTnV28BQf+J/+2/5/d3I5Hr6T/ZE/Zdb4p30fi7xPAy+E7WX9xasMHUZFPI/65Kep/iPHrXC/s4/AW9+OvjQW7iS38OWDLJqV4ox8vaJD/fb9Bk+mf1F0fRrLw/pNppmm20dnYWkSwwW8QwsaKMACvW404neW0/7OwUv3sl7zX2U/wD25/gteqODhnJPrsvrmJj+7Wy/mf8AkvxfzLEUMdvEkUUaxRRqFVEACqAMAAdhTuP/AK1O57Un1r+dz9iG/hSe2KcQB9aMD6UAJz2xS/jijj1qG6uoLG2kuLqeO2t4l3STTOFRAOpJPAFNa6ITdiwKSvnb4i/tweAvBsklro32jxZfIcH7D8luD/11YYP/AAEGvDNd/wCChHjW6uG/srw9o2nQdlnMk7/icqP0r7HB8IZzjYqcaPKn1k+X8Hr+B83ieJMtwr5XU5n/AHdfx2/E++z7Ubfwr87If29vidGwLw6FKM/dNk4/lJXY+F/+CiGswzKviLwlZ3MPeTTLhon+u19wP5iu6twLnVKN4wjL0kv1sclPivLKjtKTj6r/ACufcQoOPTJrxv4bftZ/Dv4mXMNlBqjaNqsvC2OrAQs59FfJRj7A59q9kGa+LxWCxOBqeyxVNwl2asfTYfFUMXD2lCakvJhn3pelFFcZ1hjOfSkP5Ue45pu71/SgQ/8AHNKPrTaUUDFooooAPpTce1OooAbxR+FFH4UAHXgdKX7tFGaAFFFJRuHTpQAtJ+FG7NG4duKAF9abx9aWloATH5UlKfrWN4m8WaN4L0qTU9d1S10mwj6z3UoQfQZ6n2HNXCEqklCCu30RE5xppyk7JGxz6Yor5U8df8FAPC+iyS2/hfRrzxFIvAuZ2+ywE+2QXI/4CK8j1T/goB8Q7yQ/YtL0PTo+y+TJMfxJcfyr7bCcF51ikpey5E/5ml+Gr/A+Xr8TZZQdufmfkr/jt+J+g6j1607ivzvs/wBvf4l27ZmtdBu1/uvaOn8pK9A8J/8ABRJDMkfijwg0UZ+9caTc7yPfy3A/9CrXEcD53QXMqan/AIZL8nYijxTllR2c3H1T/S59oU3rXC/DX44+Cvi1AG8Oa5Dc3QXc9hN+6uU+sbc49xke9d2fpXxFbD1cNUdKvBxkujVmfUUq1OvBVKUlKL6rUOlJRQpHrzWBqKOOSabt3Hr+tLz160oxn3oA80+PXwN0j44+D302722urW4Mmnajty0EmOh9UbgMPx6gV+Xvizwrq3gXxHf6Drdq1lqdlIY5Ym6H0ZT3UjkHuDX7Hc14H+1d+zrD8ZPC/wDamkQpH4v0yMm2fp9qjHJgY/qp7H2Jr9M4P4neVVVgsVL9zJ6P+V9/R9fv73+K4iyNZhD6xQX7yP8A5Mv8+33H5waXq15oOqWmpadcyWV/aSrNBcQnDRupyCDX6d/s1/Hq0+OXgsTTGO38R6eFi1K0Xgbu0qD+42D9DkfX8u5oZLeeSCeNoZ4mKSRyAhkYHBBHYg12Xwl+J+q/CHxtY+ItJbc0J2XFqxwlzCSN8bfXqD2IBr9f4nyCnn+DtC3toawff+6/J/g9e5+dZLms8oxN5fw5fEv19V+J+uVFYHgPxvpXxG8J6d4i0WcT2F9GHXP3kboyMOzKcgj1Fb2K/lepTnRm6dRWktGuzR+8QnGpFTg7p6obwKUMKU/TNIfw/KoKFzk4puA1O60hXsKAGnHcUnFIVo9DVCHdsdKazYzgUvXjOKXbxwf1pAEbdfloojXk0U9A1I1FSqB3qIAdak3EdQaAHbQ3rik205c96MZqCg2niiilpgJzRux9aM005pCBm9jXnHx4+L9n8Ffh7ea7MEm1CT/R9PtWPM05HGf9kfePsPevQ5JBCryO6oijczMcAAdSTX5hftQ/Gh/jJ8SLiW1mLeHdLLWumpn5XUH55serkf8AfIWvsuF8kedY5Rmv3cNZfovn+Vz5nPs0/szCuUX78tI/5/L87HlGtaxe+IdXvdV1K4e71C8maeed+ruxyTVzwT4M1X4ieLNN8O6LAZ9Rv5RGgx8qDqzt6KoySfaseQ4Wv0V/Yz+An/Cs/CI8S6zbBfE+tRhgsg+a0tjysfszcM34DtX9B59nNLh7L3VSXO9IR8/8lu/u6n5Fk+WzzjF8j+Fayfl/mz2D4S/C/Svg/wCB9P8ADekpuSBd09www9zMfvyN7k9B2AA7V2VFFfyjWrVMRUlWqyvKTu33bP3+lThRgqdNWitEgox9aKTmsDUD064pNw6U6sjxV4k0/wAGeHdR1zVrgWunWELTzyHsoHQepPQDuSKuEZVJKEVdsiUlBOUtEjD+K3xY0D4P+FZtb1242pylvax4865kxwiD+Z6Acmvzh+M37RHiz406g41K6aw0NWzBo9q5EKjsX/56N7n8AKx/jR8YtV+NXje51zUC0NmpMVhY7srbQ54X/ePVj3PsBXBs9f0rwxwpRyilHE4mKlXev+HyXn3f3aH4pnufVcxm6NF2pL/ybzfl2RPupjMKW1t5r64igt4pJ55WCRxRKWd2PQADkmvd/BX7EnxL8YQx3N1aWnhq2cZB1SUiXH/XNASP+BYr7HGZhhMvip4uqoJ93v6Ld/I+ZwuFxGLlyYem5PyX59jwdaU/WvrH/h3X4kSElfGOlvNjhDayhfzz/SvJfiZ+y98QvhbbyXmoaR/aOlx8tf6WxnjQerDAZR7kY968zCcRZTjaipUMRFy7aq/pdK/yO+tk+YYWPPVotLvv+V7HkkkYk6jNfQfwD/bE8Q/Cue20jxHJP4i8KghNsjbrqzX1jY/eUf3G/Aivn+Ng3I5oljDCvWx2XYTNaDw+MgpR/FeafRnFhsZiMvqqthpWf5+TXU/Y3wz4m0vxjoNlrOi3kWoaZeRiWC4hOVZT/IjoQeQQQa0z9TX5v/shfH6b4U+LIvD+rXJ/4RPVpgj7z8tnO2Aso9FJwG/A9q/R/PcV/LnEWRVchxjoSd4PWL7r/Ndfv6n7pk+a082w3tY6SWkl2f8Ak+gYo9aOvFLivlz3Qo4oo4NIYtFJS0wCg0YopAN5pefSlxSfrTABRx9aOlFIBNoHbFJ9OtO/GlpiGH6Uc9ulOptABz6U7JpjdOK82+Pnxms/gl4BuNZmCT6nOTb6dZsf9dMRwT/sqPmP0x1Irqw2Gq4ytDD0FeUnZI569enhqcq1V2jHVmN+0J+0ronwP0/7Kipqnii4TdbaarcID0klI+6voOrdu5H52fET4meI/ijrj6r4k1OS/uMny4ydsUC/3Y06KP1PcmsfxH4i1HxZrl7rGr3cl9qV5IZZ55DyzH+QHQDoAAKzGbiv6c4f4bwuR0lK3NWe8v0XZfn1Pw3N86r5tUs3y01tH9X3f5dBQ3an5qbRdD1HxJqkOnaTY3GpX8xxHbWsZkdvoBX0H4S/YR+IuvQRT6nNpnh6Nxny7qYyzAY7qgIB9i1e7jc0wWXJPF1owv3ev3b/AIHl4bA4nGO2GpuXpt9+x870hIr6o1T/AIJ7+MLe2L2HiTR76UD/AFUiSw5+hwf1rwr4jfBXxr8KZAfEug3FlbM21b2MiW3Y9gJFyAfY4NYYPPMszCXJhcRGUu17P7nZs3xGV47CR5q9Fpd9196ucba3dxpt5DeWdxLaXcLB4p4HKSIw6FWHINfaX7N/7a5vZLTwz8RJ1WZsRW2vthVY9Atx2B/6aDj1x1r4oAzT2jG2tM1yXB55QdHFx1W0luvR/pszPA5jisqqqrh5adU9n6/57n7PKwdQysCrcgg9RRtI6V8f/sP/ALQb6xCvw68QXTPeW8ZfSLmU5MsSjLQE9yo5X/ZyP4a+wc+9fyznGVV8lxk8HX3Wz6NdGv60d0fvGW4+lmWGjiKXXddn1QcntS0jUgrxT0x2c9qMUm735pwpAfE/7cf7PXl+b8SPD1rgcDWraFfwFyAPyf8ABvWvi9X9K/aO8tYb+1mtbmJLi3mRo5YpBlXUjBUjuCM1+Wf7S3wTk+CPxGuLG2jkPh7UM3OmTNziMn5oif7yE49wVPev3/gTiF4qn/ZeJl78V7j7pdPVdPL0PyfirKFRn9eor3ZfF5Pv8/z9TuP2Nvj4fhl4w/4RrWLgr4Z1qUKGc/LaXRwFk9lbhW/4Cexr9Gc1+LS4K4NfpD+x38cj8UfAp0TU7jf4j0JFilZj81xB0jl9zxtb3APevO4+yBL/AIV8OvKa/BS/R/LzOrhPNr/8J9Z+cf1X6r5n0FzzRtz1FLz60V+JH6eJ0pCB1707FJ1/xoEIR6Un1FKw56mjb6imA373X9Kdtoxt7UL9KQCqvXNFOAxRQBEF/KnZ980gbd0pAtMRJ9KM+1Jt29OKPxpDF/nSY9TzTv501uKAFxSZpAwqpq2sWmg6Te6nfzLb2VnC080rnhUUEk/kKcYuTUUrticlFXex85ftwfGb/hB/A6eEtMn2a1r6MszRthobTOHPsXPyD23elfnp90Aeldt8XPiBd/Fb4iaz4muiyi7lxbwsc+TAvEafgvX3JrmtH0G98SazY6TpsDXOoX0y28EK9WdjgCv6u4ZyeGSZfGFTST96b8/8ktPxPwHOswlmmMc4ax2ivL/g7ntX7HPwTb4qfEQaxqVvv8NaC6zzbx8txcdY4vcfxN7AD+Kv0m3d64v4O/DKy+Efw90vw1ZbXa3TfdTqMGeduZHP1PA9gB2rtfLzzmv5/wCKM7eeZhKrF/u46QXl39Xv9y6H67keVrK8Iqb+N6y9e3y/4Iqmn800ZXinZr5A+iCkzS0n0oGLXxN/wUC+LEwuNL+HtjIVhKLqOpFT97kiGM+3DMR/uV9rr9ea/Jn4/eKH8afGrxjqjOWRtRkgiyc4jiPlKPyT9a/SOA8vjjMzdaorqkr/ADei/V+qPiOLcZLDYD2UHrUdvlu/0R5+3SrOh6Nf+JtcsdI0u2e81G9mWC3gjHLuxwB/9fsKrsvFfXv/AAT5+F8Ooaxrfjq8jEhsD/Z9huHCyMoaVx7hSqj/AHjX7xnOZxyjL6mMlryrRd29Evv38j8oyzBSzHFQwy67+SW59Bfs9/sz6B8E9HguZIYtT8WSxg3WqSLnYT1SHP3VHTI5Pf0Hs9JQee2a/kzGYzEZhXliMTNyk+v+XZeR/QeFw1HB0lRoR5Yr+vvE70vDAhhkHjmkH0pPqDXEdJ8f/tafsp2M2mX3jfwZZLaXtuGn1LS7dMRzoOWljUfdcdSBwRk9Rz8RqwYcHiv2aYBlKsu5SMFSOD7V+W/7Tnw1i+Fvxj1jTLNBHpd3t1CyReiRyEkoPZWDgewFfvXAufVcWpZbiZXlFXi3vbqvl08r9j8o4qyqGHaxlBWUnaS8+/z6/wDBPL2UMpFfpZ+yD8UpPiV8ILOO9mMur6K/9nXTN95woBic/VCOfVTX5prXbfDf4veLfhO2oN4V1X+zDfhBcZgjlD7M7eHU4xuPT1r7HibI3nuB9hTaVSLTi3t2adk3qvxSPm8jzNZVivazu4NWaX4fj+p+sqmn1+Y8n7Xnxeb/AJm5h/u2Ft/8bpi/tgfF1f8AmbGP1sbf/wCN1+U/8Q5zX/n7T++X/wAiff8A+uWBX/Luf3L/AOSP06LUbq/Mdv2yPi90HilR/wBuFv8A/EVD/wANhfF/qfFxH/bhbf8Axup/4h1mv/Pyn98v/kR/65YD+Sf3L/5I/T71oz71+Y0f7Ynxd7+LM/Wwt/8A43Uo/bB+LTdfFf5WNv8A/G6X/EO81/5+U/vl/wDIh/rlgf8An3P7l/8AJH6a0V+ZTftc/FrqPFsn/gFb/wDxuov+Gvvi6v8AzNrfjY2//wAbp/8AEOs0/wCftP75f/Ih/rlgf+fc/uX/AMkfp1Ta/Mb/AIbC+Lw/5mzP/bhb/wDxuhv2xvi//wBDWB/24W//AMbo/wCIc5r/AM/Kf3y/+RH/AK44D+Sf3L/5I/TkUtfmD/w2N8YO3i3/AMkLb/43Ui/tjfF9hz4sH/gvtv8A43R/xDnNv+flP75f/Ii/1ywH8k/uX/yR+nVHsa/Mb/hsD4vN/wAzaR9LG2/+N05f2wPi6v8AzNpP1sLb/wCN0v8AiHea/wDPyn98v/kQ/wBcsB/JP7l/8kfpucUzNfmW/wC2B8Xj/wAzZj/twtv/AI3UZ/bB+Ly/8zZn/twtv/jdP/iHWa/8/Kf3y/8AkRPjHA/yT+5f/JH6bkmvzQ/a++KEnxI+MF9awybtJ0Etp1qoPDOp/eyfUuMfRBVNv2wvi62QfFhA9rG3H/tOvHpJXmmeWRi8jsXZmOSxJySfxr7ThbhCtk2KlisXKMpWtHlu7X3eqXTT5s+Yz7iCGZUI0MOmle7vbXstG/6sIwrqPhf8MdY+LnjSx8OaMgE853TXDgmO3iH3pH9h6dyQO9cvX6E/sJ/DWLwz8L5PE88S/wBo6/KWRyOVtkJVF/FgzfiPSvq+JM3/ALEy6WJjrN+7H1f+Suzwsly/+1MZGhL4Vq/Rf57HrHwh+CPhn4L6Amn6FaK126j7VqUwBuLlu5Zuw9FHA/Wu9pGUqeAaVW68V/K2IxFbFVZV68nKUt29z96o0adCCpUo8sV0QvIqtqem2et6fcWGo2kN7Y3CFJbedA6Op6gg9asluKT9a503Fpp6mrSas9j89f2rf2XE+E7f8JR4YWSTwrcSBJrViWawdjxz3jJ4BPIOAc5FfNe6v2L8TeHbDxh4e1HRNThW4sL+B7eaNh1Vhj8x1H0r8iPFfhu48G+KtY0G7ObnTbuW0c/3ijEZ/EAH8a/pDgjPqua4eeGxMr1Kdterj5+a2b66dbn41xPlVPA1Y16CtCfTs/8AJ/5lbRtYvfDutWOrabO1rqFjMlxBMp5V1OQa/Wr4X+Orb4mfD/Q/E1su1NQtlkePP+rkHyyJ+DBh+FfkSW4r78/4J9eKv7V+F2taI7Fn0nUiyA9o5lDAf99K/wCdc/iFgI18uhjUvepySv8A3Zafnb8TTg/FypY2WGb92av81/wLn1Fz6fnTh9MUmAc9zS7vav53P2IXdil5+lMz+NOBOAcUhi15p+0H8ILX40fDe/0ZkRdUhBuNNuG4MdwoOBn+633T7HPavS6TFdOFxNXB14Yig7Si7pmFejDEUpUaivGSsz8X7q0uNNu57O7he2ureRoZoZBho3U4ZSPUEGux+DPxOuvhD8SNH8TW5ZoIJPKvIV/5bWzYEi/XHzD3UV7z+3p8Gf8AhHfE1v4+0uHbYaswg1FVHEd0B8r/APA1GD7r718ngV/WuX4zDcQZbGq1eFRWkuz2kv8AL5M/n/F4atk+NcE/eg7p+W6Z+z2k6paa5pdpqNjOtzZXcSzwzIcq6MAVI+oNWq+SP2A/i42ueGb/AMCahNvu9HH2mwLnlrVm+ZB/uOfycelfW9fy1nGWVMox1TB1NeV6Punqn81+Oh+7ZdjYZhhYYmHXfyfVBTefXFOpPrXjHpCDHpmj3o3eppMnqMD8KBCZx14pynAz2ozxTSPy+tAD16niikTPPOaKYEW6pVxUW0r34pytjvmgRKKTrSbvSlqSgP5UxsetOpG+lMljdo9OK+XP28Pid/wjvgmx8HWU2291t/Nugp5W1Q9D/vPgfRWr6lZhGrMxCqoySeg96/KP49fEh/il8Vte10OWsjMbayGeBbx/KmPrgt9Wr9C4Jyv+0MzVaa9yl73z+z+OvyPj+J8d9TwLpxfvVNPl1/y+ZwlfWX7BXwpXWNe1Dx5fw7rfTSbPT9w4M7L+8cf7qkD6ufSvk6xs7nVtQtdPsomnvLqVIIYl6u7EKo/Miv1s+FXw/tfhh8PdD8NWgBFjbqssgH+tmPzSOfqxY1+ocd5t9Qy1YSm7Traf9ur4vv0Xo2fDcJ5f9axjxE17tPX/ALe6fdv9x1W3vil/Cilr+bT9qEyPSlBz2oxRuoGLzTOW9qdn0pGzQIAT2r8Z9YkeTW9SeT/WNdSls+u85r9lgeeua/Ij4vaG/hf4seMNKdPL+zarcBB0+QyFkP4qy1+x+HFRRr4mHVqL+5v/ADPzXjSnKVKhPom/xt/kcqwr9H/2E7OO1/Z/spEADXGoXcj+5Emwfoor84s9O9fcf/BPj4gQ3Hh7X/Bs8oF1aT/2jbRk8tE4CyY/3WAP/A6+z47o1K2SylD7Mot+mq/No+c4TqQp5koz+1Fpeuj/ACR9fZ9qPwpf5UV/NJ+2ifSkPuacwpCNtAEZA78V8Hf8FC4o1+JXheQAeY2ksG9cCZsfzNfeWPmr8zf2vPH0Hj744aq1nKJrDSkXTIZFOVYxkmQj/gbMP+A1+k8A0alTOFVjtCLv89F+f4HxPFtWMMu5HvJq3y1PGFFSbgKjY7RXpvwD+AupfH7VtYs7DU4dJTTYElkuJ4WkVmdiAmARg4BP4V/RGKxdHA0JYnES5YR3f4dPM/HsPQq4qrGhRV5PZHmjTCo2kBr61/4dz6+evjXTh/24yH/2el/4dy65j/keLD/wAk/+Lr5tcYZF1xS/8Bl/8ie4uHc0/wCfD++P+Z8j7xTtwr63X/gnLra9fHFj/wCAD/8AxdKv/BOjW93Pjewx/wBeEn/xdH+uGQ/9BS/8Bn/8iN8O5p/z4f3x/wAz5F3VIrGvrhv+CdOtY48a6fn3sJP/AIumj/gnbry/8zpp3/gFJ/8AFVm+Lsif/MUvul/8iC4ezVf8uH98f8z5PDfL1pjV9cL/AME8Nb7+NNPH0sZP/i6H/wCCd+tfw+NbD8bCT/4ul/rfkf8A0Er7pf8AyJX+r+af8+H98f8AM+RC1Mzmvrhv+Cdeu9/Gunf+AMn/AMXTR/wTq17/AKHXTv8AwBk/+KqlxfkX/QUvul/8iS+Hs0/58P74/wCZ8k8UnmCvrtf+CdOs458b2P8A4AP/APF0w/8ABOfXCePG2n/+AEn/AMXVf65ZF/0Er/wGX/yJH+rma/8APh/fH/M+SlkFP3V9ax/8E6Na/i8bWP4WD/8AxdOb/gnZrQ+542sD/vWDj/2el/rhkP8A0Er/AMBl/wDIlf6u5r/z4f3x/wAz5HZxUTuK+t2/4J2+If8Aoc9NA/68pP8A4qnf8O6dbZcHxrp4P/XjJ/8AF0f635F/0FL7pf8AyIv9Xs1/58P74/5nyDup4r6zl/4J169b280i+M9PmdEZljWwkyxAyBnf3r5RMLRsyOpV1JVlPUEdRXr5fm2AzXneBq8/La+jVr7bpdjgxmX4vAcv1qHLzbbdPQgZsA+tfrR8AoYrf4J+Bkg/1f8AY9qR9TGCf1Jr8mpFxX6TfsS+PYfGHwO07TjKGv8AQHbTp0zyEB3RN9ChA+qmvhPEShOeW0qsdoz1+aaT/T5n1fBtWEcbUpveUdPkz3tsYqPI61ITnrTGUnqBX88n7AKufqKNvrQAV96d+NIQ1R7V+YH7X1vDb/tGeLhAAFZ4HcKMfObeMt+tfp5dXUNjazXNzIsNvCjSSSOcKqgZJJ7AAV+RfxP8Wnx78RPEfiIliuo30k0YbqI84QfgoUV+t+HNGcsdWrr4Ywt821b8mfnvGVWMcLSpdXK/3J/5nJvX2R/wTf8AMF/4+HPllLM+2cy18cNX3V/wTq0Rrfwb4v1dhhbu/itkJH/PKPJwfrL+lfo/GtRQyGun15V/5Mn+h8dwzByzWk105n+DPrqkanCj2Ffy6fugzvSik+7Tt2PXFAhaKA3vSHNBRzfxJ8CWHxM8D6v4a1EZtr+AxiTGTE45Rx7qwB/CvyQ8TeH77wl4g1LRNSi8nUNPuHtpk/2lOMj2PUexFfslz1r4U/b++FR0zxDpnj2yh/0bUFWx1DaPuzqD5bn/AHkBX/gA9a/WfD/N/quMll1R+7V1XlJf5r8Uj8/4ty/2+HWMgvehv/hf+T/Nnzf8KfiFdfCv4iaJ4ntCxFlODPEp/wBbA3yyJ+Kk/iBX656Tqlrrml2eo2My3FndwrPDKpyHRgGU/kRX4xlMiv0J/YJ+JbeJ/hndeF7uXffeHpdsO48tayZKf98tvX6ba+o8Q8qVfCwzKmvep+7L/C9vuf5nicH5h7KvLAzektV6rf71+R9PYpOaWiv5+P1sYV78U07vTipPxpMfjQIatO/CmlR9aBx70wHr3ooU9aKQyFfmXjgelOX5RRx2FOHtzTJHDkUm40h5ppzSGOpG96TB9cUH2NMk8S/bA+Jj/Dr4L6itrMYdU1lhplsVOGUOCZGH0QNz6kV+Zw4A9K+mf29vHX/CRfFCw8OwSb7XQbX94oPH2iXDN+IQRj8TXzE7hVJPSv6b4Jy5YHKoVGveq+8/Tp+GvzPw7ifGvFY+UU/dh7q/X8dPkfS/7Cfw0Hi74pXHiS6h8yw8PRCSPcMg3MmRH/3yodvrtr9EPxrxT9j/AOHZ+HvwR0f7RD5Wo6vnU7kMMMPMA8tT9Iwn4k17XivxTi7M/wC1M2qzi7wh7sfRf5u7P1Dh7A/Ucvpxa96XvP1f+SshPxxTd34fSn004r44+jD9PrRnrQf8igY5oAX3pjZxTqT8c0ANDH6Gvz4/b8+G83h34m2Pi6CM/wBn69AsUzqOEuYlC4P+8gUj/dav0HxnviuM+MHwv0/4weANS8M6gfL89RJbXOMm3nXlJB9DwR3BI719Tw3myyXMoYmfwP3Zf4X/AJOz+R4Oc5f/AGlg5UY/EtV6r/PY/JGM5xXT/Dvx5qnwx8Zab4k0d9t5ZSbjGxOyaM8PG3+ywyPyPas7xV4V1TwL4l1DQNatmtNTsZTFLGeh9GU91IwQe4NZ61/U0o0cVScXaUJr5NP9Gj8JXtMPUuvdlF/NNH60/Cb4t6B8Y/CsOs6HcDfgLdWMjDzrWTHKOP5HoRyK7UflX4/eD/G2u+ANaj1bw5qlxpOoJx5sDcMv91lPDL7EEV9P+B/+ChGrWVvHB4t8NQ6kyjBvNLl8l29zG2Vz9CPpX4RnHAOMoVHUy395B9LpSXlrZP8APyP1XLeLcNVgoY33J97XT+7Vf1qfcf480Y4r5Qu/+ChnhaOEG28K6zNKR92SSFB+YY/yrx34jftzeOfF9tNZ6JDb+E7KQFTJasZboj/rowAX6qoPvXg4TgnOsTNRnS9mu8mvyV3+B6uI4nyyhG6qcz7JP9bL8T6F/aq/aUs/hroN54a8P3iz+L7yMxs0LZ/s9GGC7Hs+Pur17ntn87TnuSSeSSck1NJdSXM0k00jzTSMXeSRizMx5JJPUn1qFmzX75keQ4fIcN7Gk+aT1lLu/wBEuiPyTNc1rZtX9rUVorZdv+C+rIpGr9G/2H/hjL4B+En9rX0TRaj4ilF6VYYKwBcQg/UZb/gdfCPwlsfDWpfErQLbxjff2f4de5X7VMVypA5COf4VY4BbsCfrX63W/lfZ4hBs+z7B5flY27ccYxxjFfBeIWZzp4enl0E0p+830aWyXz1fbTufWcH4GMqs8ZJ6x0S9d392i+ZYoJNN/OjJ/CvwY/WRffNL9abj1pcYoAU0m7r2o59QDSHj3oAPrSg8U3g9uaf6UAFJx2xSmmkmgB3PejFJzRQAtHej0paBiYpPxp1IaAG9MGvy+/ae+G8nw0+MOtWixFNO1CQ6jZNjgxyMSVH+6+5fwFfqHzXjX7UXwOHxn8AstiiDxJpe6409zx5nHzwk+jADHoQPevuOD86jk+Yp1nanU92Xl2fyf4Nny3EWWyzHBtU1ecNV59181+Nj8xpFr0P4A/GrUPgX48j1eFHu9IulEGpWKnmWLOQy/wC2h5H4jvXBXlpPp91Na3UMltcwOY5YZVKujA4KkHoQah25r+l8XhqOOoSw9Zc0JKz9P61R+JUK1XC1Y1qTtKJ+wHgvxtonxC8O22t+H9Qi1DTrgZWSM8qe6sOqsO4PNbgB9a/I34ffE/xT8K9UN/4Y1abTZXx5sPDwzAdnjPDfzHY19OeEP+Ch9zDbpF4o8ILPMOGutJuNgPv5b55/4FX4DmnAOYYablgP3sPVKS9U7J/L7kfrWX8WYSvFLFfu5/Np+ltvn959sdKSvkrUP+CiPh9IWNh4O1a4lxwLi4iiX8SCx/SvCfi1+1946+J9vLYQzJ4a0aQFXtNNdhJIvo8p+Yj2G0V52B4GznF1EqtP2cerk1+Sbb/rU7MVxRl2HhenLnl2Sf5vQ9g/bK/aYs5NMuvh/wCFLxbmac+Xq99A2UjQdYFYdWP8RHQcdScfFDMRTiQtRs2a/fcnyfD5JhVhcPr1b6t9/wDJdEfk2Y5hWzOu69bTsuiXYYyvIypGjSSOQqooyWJ4AA9a/V79nj4ct8KvhB4f0KeMR6gIvtN6B/z3kO5x+GQv/Aa+Rf2I/gK3jHxQnjnWbbOhaTL/AKDHIvFzdD+Ieqx9f97Hoa/QPJNfkfiBnUK9SGV0XdQd5f4ui+S3835H6HwjlsqdOWOqKzlpH06v5icj2o+v8qXHTtTvpX48foozj8aTnr0p/fgc0m32oATml5pM9qXHpQIQ1x3xf8AQ/E74a6/4clVWkvLZvs7N/BMvzRt+DAfrXZjPrmitqFaeHqxrUnaUWmvVamdWlGtTlTmrqSs/Rn4wS28ltNLBNGYp4XMckbDBVgcEH6EV63+yr8Rv+Fa/GjRLiaXytN1J/wCzLzJwuyQgIx/3X2H6ZrW/bM+Hh8A/GzULuCLy9O19P7RgI6eYeJl/77G7/gYrwpmPVWKt1DDqD61/XlOdDPssTfwVofdda/NP8UfzzONXKcd/epy++z/VfmftHn3o59eK8/8AgL8Qk+KHwm8O6/u3XUtuIbsZ5E8fySZ+pGfoRXoG325r+RcRh54WtOhVVpRbT9U7H9DUascRTjVhtJJr5iUo/KjmlrnNhGA703j6CnE4pvPoCKBCpjJwc0UIxOeKKYEYOacAOuMUxcL04py4FAh231o6U7Oe1FIZGcdqp6tq1voel3upXjiO0s4XuJXPZEUsf0FXm6V4T+2h4v8A+EV+A+rW8b7bnWJY9NTB52sd0n/jiMPxr0cuwrx2LpYWP25Jfe9X8jixldYXDzrv7KbPzw8XeJLjxj4o1fXbti1zqV1JdPntuYkD8BgfhWt8G/Ap+JHxT8NeHiheC7vFNxgdIU+eQ/8AfKn865HPFfV3/BPnwSdS8ba/4pmTMOmWq2cDH/nrKcsR9ETH/A6/qbOMZHKMqrVoacsbR9XpH8Wj8Gy3DvMMwp05a80rv03Z94RxpDGsaKEjUBVVRgADoKdSbc5pMehxX8kH9DC8UlHf1p1AxuMUvvRuHSigBOntRS0hztJNAC031oB9TmkIB6UEnjP7RX7NmkfHTSFuYXj0zxTaIVtNR2/K69fKlxyUz0PVc5HcH84/G3gnXfhz4huND8RafJp2oQn7rjKyL2dG6Mp9RX7BYxXPeOPh54c+JGktpviTR7bVbbnb5yfPGT3Rx8yn3Br9C4d4vr5Mlh66c6PbrH08vJ/Jo+Rzjh+lmL9tSfLU/B+v+Z+QisKdmvsn4hf8E9WMstz4K8QqsZyVsNYB49hKg/mv414hrv7JXxY8PyMsnhOa+Rf+WmnzRzqfoA279K/b8FxNlGOinSxEU+0nyv8AG34XPy7FZLmGFladFtd0rr8P1PJd1MY16Fbfs8/E26mESeBtaDH+/alB+ZwK7fwx+xH8UPEEy/bbCz0CA9ZdQulJH0SPcf5V3186y3Dx5quIgv8At5flucNLL8ZWdqdGT+TPAWYjpQsnvX6BfDP9g3wl4XmivfFN9N4qu0+YW23yLUH3UHc/4nHtXk37Wv7KB8Evc+NPBlqW8Pu2+/0yFc/YSesiAf8ALL1H8P06eBhuMsqxuNWCpTeu0mrRb7a6/el2PZrcOZhh8M8TUitN0ndpd+34nywVEi4PNfUf7Kf7WLfDz7N4P8ZXMkvhsnZZalISzWGf4H7mL3/h+nT5ajbvUjYcV9JmOWYXNsNLC4uN4vbun3T7/wDDM8bB46vl9dV8O7Nfc12Z+zlvcRXVvHPbyJPBKodJI2DK6kZBBHUEVJg1+f8A+yb+1Qfh3JB4Q8W3LP4ZkfbZ30hJNgxP3W/6ZE/98k+nT79hkjuIY5onWSKRQyOhyrAjIII6jFfy7nmR4nIsS6FZXi/hl0kv8+66elmfumVZrQzWh7WlpJbrqn/l2ZJ9abye9LVHWte07w3pk2o6tfW+m2EI3SXF1II0Ue5NfOxi5NRirtnsykoq8i2flbtS57Yr5T+JX7fvhzQ5pbPwfpUviOdSV+3XDG3tc+qjG9x+C/Wvm7xt+1t8TvG8jq3iB9FtG6W2jr9nAHoX5c/99V9/l/BGbY5KdSKpR/vb/ctfvsfIYzijAYVuMG5v+7t9+33XP01v9UstKhMt9eW9nEBkvcSrGB+JNche/Hb4dabIY7nxtoUbA4I+3xn+Rr8ob/ULvV5zPf3dxfTE5MlzK0jE/Viah2qvAAFfa0PDeil+/wAS2/KKX5tnzNTjSrf91QS9W3+SR+rsf7Q3wykbC+O9Bz/1/Rj+tb2k/EbwnrzKum+JtIvmbotvfRO35Bq/ITYPSneSnXaufpW8/DbCSX7vEyT80n/kZx40xN/foxa9Wv8AM/ZsYYAjkHkEUba/Ijw38TPF/g2QNofifVdMA6Rw3b7PpsJK/pXufgL9vbxr4dkih8TWVn4msxgNIqi2uceu5RtP4qPrXy+N8PMxw6csLONRdvhf46fie7heMMHVajiIOHnuvw1/A/QTbSj2ryT4WftReAfizJFaWGp/2ZrEg40zUwIZWPohztf/AICSfavW6/NsVhMRgqjo4mDhJdGrH2uHxFHFQ9pQmpR7oWkpOnvSjFch0gKWk/CloA+aP2ov2T4/iiZfE/hZYrTxUq/v7diEivwBxk/wyAcBuh6H1r4G1jQ9R8M6rcaZq9jPpuoW7bZba5jKOp+h7e/ev2P6VxPxM+DHhH4uWIt/Emkx3UqLiK8jPl3EP+7IOcexyPav07h3jWtlcI4XGpzpLZ/aj5ea8unR9D4fOOGqeOk6+GfLN7ro/wDJ/wBeZ+TlNbFfW/jz/gn1rNlJLP4P8Q2+owZJWz1RTDKB6CRQVb8QtePav+yp8V9IkZJPB93c4ON9nLHMp9xtbP6V+z4TiTKcbHmpYiPo3yv7pWPzLE5PmGFlapRl8ldfernlSkCmua9Itf2afipdSBV8D6qp9ZEVB+ZYV3nhH9hn4k+IJEbVI7Dw5bnq13cCWQfRI8/qRXVXz3LcPDmq4mCX+JN/crswo5bjqztToSf/AG61+L0PnRq94/Z5/ZP134u31tq2sxTaL4PUh2uXXbNeD+7CD2P988emTX1N8Lf2KvA3gGaC91ZZPFeqxkMJL5QLdG9VhHB/4EWr6CjjEaKqgKijAUDAA9K/Ls84+jySoZStX9t/+2r9X9x91lXCcuZVcw2/lX6v9F95Q8P6Dp/hXRbLSNJtI7HTrOIQwW8QwqKO3/1+9aKg0EZoX9a/E5Sc25Sd2z9QjFRSjFWSHfrRtooqShP0o60tJ+NAB3oFKKKACijPtRmkB81ft5eAf+Em+EkGvwR7rvw/dCdiBz5EmEkH4HY3/Aa/PCv2O8XeG7bxh4W1fQ7xQ1tqNrJavkZwHUjP4Zz+FfjvqWnz6PqV5p1yNtzZzvbyqeoZGKn9Qa/oPw7x/tsDUwcnrTd16S/4Kf3n5DxjhPZ4qGJjtNWfqv8AgW+4+0f+CeHjkSWXijwfM/zRSLqdspP8LARyAfiEP/Aq+y+TxX5afspeOB4D+PHhq5lk8uzv5Dplwc4G2YbVJ+j7D+FfqZtFfCce4FYXN3WivdqpS+ez/K/zPquE8U8Rlypt6wbXy3X52+QfhRnNGB9KWvzc+0EwBSYHagkc4pu78KYDk70UR9+MUUxES/N34p69DgEimdKkUelDEKpPajI9qPxpGbb6UhiMvoMV8O/8FDPFxuPEXhXwxG3yWttJqEyj+9I2xP0R/wA6+5PvV+W37U/iY+K/j54tuRJ5kNrcLYREdAsKhCP++g/51+j8B4T6xm3tXtTi383ovzZ8VxbiPY5f7NbzaXyWv6HlJbiv0p/Yt8Ir4X+A+k3JTbcaxLLqMnqQx2p/44i/nX5r29vJfXUFrCN01xIsMa+rMQo/U1+xXhPQYvC3hbR9GhAEWn2cVquPREC/0r7fxFxXs8FQwqes5N/KK/zkvuPmODKHtMTVrv7Kt83/AMManP0oz+FLyOOtJtr8BP1wXOaT8eKM+gFGD6UALmlpu32xRk5x3oAX69KTmlwTSE4+lAxPajr9aX9KMcjmgQbaXFKOKKQxKDR9KWmAzaBS49cUvaj8KBWGsue9I8STRvHIiyRuNrKwyGB6gjuKfSHPPNAWPgT9rD9kyTwPJd+MvBtq0vh1iZL3TYhk2JPV0HeL1H8P06fKqyenSv2ikVZI2jdRIjDaysMgg9jXwH+1l+ye/gSS68Z+DrZpfDkjGS+06IZNgSeXQf8APL2/h+nT934Q4u9vy5dmEvf2jJ9fJ+fZ9dnrv+V8Q8P+zvjMHH3ftR7ea8u66em3zAq7hX09+yr+1dL8PJrbwj4uuWl8LyNstL6Qktp5PRW9Yv8A0H6dPl2KTgc1Lw3Wv1TMsrwub4WWFxcbp/en3T7/APDPQ+CwWNrZdXVfDuzX3NdmfpR8df2tPDHwjt3sNOePxF4ldA0dnbyAxQ5GVaWQcAYwdo+Y+wOa+A/iV8WvFPxb1U33iXVZLwKxMNoh2W8HskY4H15J7muQZfSo91eHkvC+ByKHNSXPU6ze/wAuy9Ne7Z6WZZ5i81nao+WH8q2+fcdgUjH0qzpWm3utahDY6daT397MdsdvbRmSRz6BRya+kfhz+wZ4y8UxRXfia+t/Clo4z5BX7RdEe6ghV/Fs+1enj80wWVw58ZVUPXd+iWr+44MJgsTjpcmGpuX5fN7HzH5lPWQY6/rX6L+F/wBhD4Y6EsbajDqPiKdfvG9ujGhP+5Ht/UmvT9J+Bfw80NQtn4J0OIDu1jG5/NgTXwmI8QsspO1GnOf3Jfm3+B9XR4Px1RXqTjH72/yt+J+TfmD1H50eZ71+vEnwv8F3CFZPCGhOp4wdNh/+JrkvEH7LXws8SK32nwbp9s7D/WWIa2Yf9+yBXLT8RsFJ2qYeSXk0/wDI3nwZikvcqxfrdf5n5a7h2ppavuvxt/wTz8P3ySS+FfEV7pM2Mpb6gouIs+m4YYD86+Yfil+zb49+EW+fV9JN5pSn/kKaaTNAP97jcn/AgK+xy3ijK80ahQq2k/sy0f46P5Nnz2MyPH4FOVWnePdar/gfOx5j3BHBByCPWvof4H/tmeKPhrNbab4kkm8UeGwQv75913bL0zG5++B/db8CK+eAPSl6rXtY/LcLmlL2GMgpR/Fej6M83C4uvgKntsNNxf4P1XU/YTwT460L4jeHrfW/D2oRalp8w4kjPKN3V16qw7g81velfkd8J/jF4k+C3iZdW0C5/duQLqwmJMF0g/hcevow5H6V+nHwc+MWhfGvwhDrmiyFHXEd3YyEebay4yUb1Ho3Qj8RX858TcKV8hn7am+eg9pdV5S/R7Py2P2TI8/pZtH2c1y1Vuu/mv8ALodyxpciiivgz6wKSilpAFJxSd+uKOe1MBeMkdaPSgevSj8KQBilpOaPrTAKKMjvRjPfigBD2pBmgrigY9KBDvxzRxikGPr+NL+NAwyP/wBVG4d6TGe2KUL7UALSYoyKTdQA4V+YP7YHg5fCHx98QCKPy7bUxHqUfpmQfP8A+RFev07P5V8Wf8FEPCY8zwh4nReT5umTH/yIn/tSv0TgPF/V84jSb0qRcfnuvy/E+M4rw/tsuc0tYNP9H+Z8ZRyyW80c0RKTRMJEYdQwOQfzFfsN4F8Rp4u8FaFraMGXULGG5yPVkBI/Mmvx2ZsGv0r/AGJPFA8Rfs/6PAW3S6VPNYOM5ICvvXP/AAF1r77xFwvtMBRxK3hK3ykv84o+U4NxHJiqtD+aN/mn/wAE96z+NIWB4pf0ppzzX8+H66B56nFNPseaG47ZpuPyqhEkZPNFEfftRQMYAO1ScH60BaXp7UgGtRt+tL+tJz06UAQ3t2mn2VzdS8RwRtK30UZP8q/HDWtWk1zWNQ1GVt0l5cSXDE9cu5Y/zr9WvjxrR8OfBfxrqAOHi0m4VecfMyFR+rCvyUThQPav3Lw3oWp4nEPq4r7rt/mj8o42rfvKFHsm/vsv0PSf2cfDP/CXfHjwXYMm+Jb9bqRe2yEGU/8AoA/Ov1fzX51fsDaCNU+OFxfsuRpmlTSr7M7JGP0Zq/RWvn/ETEe0zSFFPSEF97bf5WPb4No8mAlU6yk/uVl/mH1pKQg9ulA/HNflp94HPrgUD6/jmgk9eKTcMUCHA80v6U3730paBi0g/OjaOtFAw570uM0n15p1ACfjSc+tOP603tQAufxpN34UnJFFAhwalpvHXHNFAx1JRn8DS/jQBF360SQpNC8cqLJG4KsjjKsCMEEelP4rkPix8RrD4T+A9U8S3/zrax4hgzgzzNxHGPqfyGT2rajSqYirGjSV5SaSXm9jCrUhRhKpUdopXfofAn7X3wr8JfC/4iQweF7sRtfRG5utFUZWxyflKt2VuSEPTHoRXhXStXxV4m1Hxj4i1HXNXnNzqN/M080h9T2HoAMADsAKx2fvX9iZZh6+FwVLD4ipzzildvq/17XevfU/nTGVqeIxM61KHLFvRDmbivV/gL+zb4g+OmqNLAx0rw5bvtudVlTIz3SIfxv+g7noDY/Zn/Z9vPjt4odrkyWfhbT2U392nDSHqIYz/eI6n+Ec9SK/THw/4f03wrotppGkWcWn6daRiKG3gXCqo/r6nqetfCcWcWxyhfUsE713u91D/OXl069j6nIOHnmL+s4nSl0XWX/AOR+FPwR8JfBvS/svh7TlW5cYn1C4w9zOf9p8cD/ZGB7V33Sl6U3cK/njEYitiqjrV5uUnu3qz9ho0aeHgqdKKjFdELSHHpmlz+FNz61zm4UDOeKXd260vtQAmfwodEmjaORQ6MMMrDIIPUEUvQdaTd60AfLfx6/Yl0jxgtxrXgZYdC1vl3077tpcn2/55Mfb5T6DrXwfrmiaj4X1m70rVrObT9StJDHPbTrtZGH9PQjg1+ynHbpXiP7TH7N+n/Gzw+97YxxWfjCzjP2S7PyidRz5Mh7qex/hPtmv1jhjjOrg5xwmZS5qb0UnvH17x/Femh8DnnDdPExeIwatPqltL/J/mfmaQG612fwf+LGtfBXxrba/pEjSQ5CXtiWxHdw55Q+/dT2P41yup6Ve6Hql3puo2sllf2kjQz28y4eN1OCCKg21++VadHF0ZUayUoTVn2af9bn5JTnVw1VVKb5ZRf3M/YfwX4w0zx94X03xBo84uNOv4RNE/cZ6qw7MDkEdiDW1mvz9/Yc+NUnhHxifA+qT/wDEl1ty1kXPEF3joPQSAY/3gvqa/QGv5P4gyaeR46WGesXrF94v9Vsz9/yfMo5phI11pLaS7P8ArVAaQNml5/Ck9hwK+bPbD680H06Upo5oEIB60o/Sij9KQC0lFKaYxNwzijJxxSH6UY/D2oAXHfOabtP1paPXmgQBR+NL9elGaM0gEyKGb2pDk/X0o2j0pgLu78UcYxRtP0pD0x1oARj6dK8C/bc8P/27+z/qtwib5dLuYL4YHKqH2Mf++XNe9NjpXG/F7Qv+Em+Ffi/Stm9rrSrlFU/3vLYr+oFexlGI+qZhQr/yzi/lfX8Dzcwo/WMJVpd4tfgfkczZFfan/BOHxAzR+N9Cd8orW99GvoSGRz/46lfFSgvGreozX0Z+wTrT6T8djZZwmpaXcQkE/wASFZB/6Ca/pXivD/WclxMOy5v/AAFp/kj8W4frexzOjLu7ferH6PfhSbaUZ9KRv84r+Uj98GsjetJtHen9hzSUCCM5ziiiNV54opgG3HSjj1pBmnKvcmkIX8KKMcjmloKPCf22NUbS/wBnXxDGOt3LbW35zIT+imvzNQfLX6Hf8FANQFv8GdOtc4N1rEIx6hY5G/nivz0PFf0h4e0eXKHP+acvyS/Q/FOMJ82YqPaK/V/qfZH/AATp0k/2h431UqNqxWtqpxzkmRyP0FfbIPpxXyl/wTy0/wAr4beJb0rg3GrCPPqEhX+rGvq3GODX5JxlU9rnuIfZpfdFI/Q+G6fs8qorvd/e2Oz780lLik6dq+KPpxv8qAfbNPwDTdp6CgQn4U5c4HpRtHSlAx06UDD9PpSUvtRigA+op1J174paBifWkYZ4p1GaAG4xxmjb70tJj8qBAo75o/CgevWgZ+tABik55xTsU3afXigAz618Fft6fFJ9e8b2PguznzYaMgnulU8NdOOAf91CPxc1906zqkGg6Rf6lcsFtrOCS4kJ4wqKWP6CvyA8Sa/d+LPEeqa3fOXu9RuZLqRj6uxOPwzj8K/VfD7LVicdPGzWlJaf4pf5JP70fn/GGOdHCxw0XrUevov83Yy5G4rX8C+C9S+I3i/S/DekR+Zf6hMIkJ+6g6s7f7KqCT9Kx5fu19of8E9fheq2+t+PbyIGSRjpunlh0UYMzj6nav8AwFq/Zs+zRZPl1TGP4lpHzk9v835I/OMpwLzLGQw3R6v0W/8AkfVPw0+HWl/CvwTpvhrR49trZx4eUgB55Dy8jY6sx5/Idq6jPbpTqYSK/kmrVnXqSq1XeUndvu2f0JTpxpQUIKyWiDcPU0mfahef8aXbxWRQ0f55pcU7HYDNHNAxAMHrTsds8U3B7Gl570ADcAd6aM/WnY9KZ745oAdQaFz6UrEdTzQI+O/27Pgit5p6fEfSLcC4tQsGrog5kiyAk31UkKfYj+7XxOuK/Y7WdIs/EWj32l6hCtxY3sL288TdGRgQw/I1+SnxK8DXPwy+IGt+GLslm0+4aOOQ/wDLSI/NG/4qVNf0FwFnEsXhpZfWd5U9Y/4e3/br/BrsfkPFuXLD1o4ymtJ6P/F/wV+TMG3uJbK5hubeVoLiF1lilThkdTlWHuCBX6ufBD4jx/Ff4X6F4iBUXU8Pl3aL/BcJ8sg9uRkexFfk+3Ir7G/4J5+NmS68U+EJpPkZU1O1Rj0IIjlx9f3Z/Cu7jzLVjMs+tRXv0Xf/ALdejX5P5HJwnjnh8d7Bv3ait81qv1XzPtUcUjEL9aXpS/Sv5vP2oRTn3NHXvzRz3/Olx70AHNJz7Uv40fpSGFHNFJ39qAD60fWnUhx9KYDTijPHWjaf8ihs9+fpQIdR+FC+1H40DAqD1oHSgUUAFNwD3p2Dz3pvfmgQjL75pklulxC8Ui5R1KMPUEYNS0q/jTuxWPxp8QaadG17VNPYbWtLua3I9Njlf6V6P+ytqf8AZf7QXgqXOPMu2t/+/kTp/Wuf+PVj/ZXxs8d2uMKmsXLAezOXH6NVT4NakdJ+LXgu7DbPK1i0JPsZVB/Qmv6+r3xuVz/6eU3/AOTR/wCCfzvR/wBlx8P7s1+Ej9eWNA9aRvSjkV/IB/RI6kP0pM0A+ucUALHnmihcHNFMBBS7h71H055pdx/GgRJ74pA3pTPMPftSBqLBc+Sv+Cilzt8H+DbcN/rNQmcj/dix/wCzV8MYFfan/BRqb/QfAcfYy3jfksQ/rXxUDX9RcDR5ciovu5f+lM/CuJ5c2a1U/wC7/wCko/RX9gu38j4EmTbgzarcvn1wEX+lfRZX2/WvC/2Jrb7P+z1obj/ltcXUh/7/ADD/ANlr3Ycd6/n/AIknz5zi3/fl+DsfruSx5ctw6/ur8hqqaXn8PpQeOetLkd6+cPZE4NL16cU2lC980DF9e9Az6UlLQAUdO1HTrzR79qAExmnCk5/Cjjr3oAWiiigApPw4paKAEpenSikoAWijNGaAPIf2svER8N/APxTKjbZbuFbFD/11cIf/AB0tX5hHFff3/BQHVDa/CHSbRXx9q1iMEeoWKRv54r8/6/o7w+oKllMqvWc3+CSPxXi+q6mYqHSMV+N2MkQsvAyfSv1n+CPgtPh78J/C+ghQsttYoZsd5XG+Q/8AfTGvy28DaX/bnjbw/p+Mi71G3gOfRpVB/Q1+v/3eB07V4fiTimoYbCp6Pmk/lZL82erwVQXPXrvdWS+d2/yQ400qO/NG7jnikz71+Gn6oBAzQGC8Gjb/AJzS8e1AChh606m8jvS5oGFBpaKQBSUfWimAmMdDSZp3vTWoENznvXwr/wAFCvCI0/xh4Y8SxRBV1C1eznkUfekiYMuffa5H/Aa+7V/CvmT/AIKCaQt58GNOvtoMtjq8JDeiukin9StfZ8H4l4bO6FtpPlf/AG8rfnY+Z4jw6r5ZVvvHX7n/AJXPz9DV63+yh4mfwx8fvCkgYrHezNp8gH8QlUqAf+BbT+FeQxt0rf8AAOoPpHjzw3fRsUa31O2kDDqMSrn9K/pnH4ZYrB1qD+1GS+9H4hhK31fEUqv8sk/uZ+wdJmlpPxr+Mz+lhPrQCOlB/KkHp396BC5zSg8U0Z+lH1oAcCOlLSL9c0tAwoopaAG0mcU6k2j0oAM8ZFIaXH4Ck7+lAApo4HuaMH1/SigQhY+2KN35U78KMfhQAztTlxQwpN2PagR+Wf7WVh9h/aI8aqBjzLmOb/vqGM15h4duWsvEekzrw0N5DIOe4kU17P8AtoRqv7RfiUgY3R2pP1+zx14fD+5uoJP7sit+TA1/X+S3qZVhm+tOP/pKP54zK0cwrW6Tl/6UftIzUzPoCabbt5ltE4/iRT+lScD2r+QdtD+hxP50bSc88UvApf0/CkMIhjPOaKco68UUDIm7kZpApbtkfWl2Feh/OlX5fpTIEo+tKzAds03OetMGfGX/AAUYwy+Ah73p/SGvi5uDX2l/wUYjPleApe2+8T9IT/Svi1jX9S8Ey/4QcP8A9vf+lyPwjiZf8Ktb/t3/ANJR+nH7GB3fs4+Fv966/wDSmWvbMV4P+xDci4/Z30Nc58m5uo//ACOx/rXvH44r+ds/jy5vi0/+fk//AEpn7JlL5svw7/uR/JC0me3elpvNeCesKB60UfU01m9KAF3HnFAbNR7s85yacrbug/WmIeKMUg6jinUhiEflSfpS4xRzQAg4o/CgrSdOKBChTnrTuaj+nIpw46nmgB1IT3opMfhSGLnPXpSUm38RQentTEfKX/BRCMt8OvCz9l1cg/jA/wDhXwitfoX+3ppbX3wSt7pV3Cx1aCVj6KyvH/NxX56Zr+luA6ilkkYrpKS/X9T8P4rg45rKT6pf5fodt8FWVPjB4IL/AHf7Ztc/9/Vr9ZmHrX46eF9c/wCEd8U6Lqpztsb2C5OOuEkVj+gNfsRFKtxEksbZR1DKfUEZFfF+I0JKvhqnRqS+5r/M+q4MkvZVoLdNP71/wBWUdaby2TT+aK/Hj9FG/jxSrndx0p2fSl5pDEHHFAPHJoJpMHsPzoAdRn86AeKOx70DE6Uv60h69KVfUUCDNJ+NLSEfnQAD5a+df28pVT4BzKesmp2qr9csf5A19Fd+lfKH/BRDxAln8OfDWjg/vb7VDPt/2Yo2z+si19PwxTdTOsKl/Mn92v6HhZ5JQyyu3/K19+h8Gxg1r+G0MniTR0Xq17AB/wB/FrJU103wvsX1b4meErGMZefVrVAP+2q/0Ff1dWqezpTm9km/wPwCnFynGK6tH6+DoBSN+dLRX8Un9OjfwpMevNC/SlGT9KYhDnsKBT6Q/rQADmj6UCigYZ9aM0h9jRQA7NFN3Y70v0oAPqaQ9PWl/SjFIA6dTk0etHSgZ9aYBz3o5oo6e1ACHrxjHek60vUUcUCPzQ/bSA/4aG8Q/wDXG1/9EJXhij5gfevZv2xrz7V+0Z4rA5Ef2aP8reOvG7ZTNdwRgZ3yKv5kCv7DyBcuU4W//PuH/pKP5wzX/f69v55fmz9l9MydNtOcHyU/9BFWcVDax+XawL/djUD8qnr+Ppbs/o6Ow1l544NHX2NHfHSnY7YqRgvGaKFooGRtjrQCCKOaPrmmSIW68ZFJt96XavvTsegoEfIf/BRS0P8Awhvg26/556lNFn/eiz/7JXwyozX6Ef8ABQLSzefBbTroDJtNYhYnHQNHIv8AMj86/PqMYr+m+A6inklNfyykvxv+p+IcVR5M0l5pP8Lfofor+wXdLN8CWiByYdVuVI9M7G/9mr6N+tfKX/BPPUDN8PPE9kelvqiyD/gcS/8AxNfV1fhvFVP2Wd4qP96/36/qfqeQT9pldB/3bfdoJ1pMetO9O9H6V8qe+NK8etN2nBzzT/pR+FAiHaKcOOvIqT8aQelO4ACKXNJgZ5pP50gH0U0nmj8KAFpOtLTcD6UAC/T86X60D6UtACdPejFKPm5oz+VABj2pMc0tJQB5n+0h4Xfxd8DfGWnQJvuPsDXMS4yS8REoA9zsx+NflVHJvUGv2ekjE0bRyLvRgVZT0IPUV+R/xf8AA8vw3+KHiTw9IhSO0vHMH+1Cx3xkf8BYV+4eHONXJiMDJ66TX5P9D8u4ywr5qWKW3wv81+px867kI7Hiv1V/Zp8bp8QPgj4V1LzBJcxWq2Vz6iWH922fc7Qfxr8q2bcMV9W/sC/FmLw74o1HwNqM/l2usN9psC5+UXKrh0+rqBj3T3r6bjjLXj8rdWmrypPm+W0v8/keJwtjVhcf7Ob0qK3z6f5fM+9dvvS/TpRSZ9s1/NJ+2AR60nOOKD7Ck2nuaAF5xyKd0pq8d8mnDnoaBhx+NGfWj60Z9KADmkpeaPpQAfypO54oJ9s03HpQIXNfnj+3v41TxH8XLLRbeTfDoNkInAOQJpSHf8Qvlivur4heOLD4b+C9W8R6k+LawhMgTPMj9EQe7MQPxr8lvEetXninXtR1nUZPOv7+4e5mcn+JmJIHsM4HsK/XPD3LXVxc8wmvdgrL/E9/uX5o/O+MMcqeHjhIvWTu/Rf5v8jJ3bRzXuH7Fvg8+Lfj9pE7pvttHil1KTIyMqNkf/j7g/hXh8g4r7p/4J4eAm0/wn4g8X3MRWTU7gWVqxHWGLliPYuxH/AK/UuK8d9QyavNPWS5V6y0/K7+R8Nw/hXi8xpR6RfM/lr+dj68/wA9aTPY8UuKGUN1r+UT9+AdOtLTeB9KXPtQAtJSf560vtmgBfxpMCjgUcc0AGMdKTHvS4zRkdKAExjrzRilz+FIV/OgQucCk60c96Op70AKelH0FLSUDENGc0nGfakC4PWgQ6jikLU3d82OlAH5V/tPXP2v9oDxzIDkLqBjz/uoq4/SuH8HWhv/ABfoNvjPnahbx4+sqitT4saqdc+KXjC/7XGr3Tj6eawH8qvfA3Tf7X+Mngm0Azv1e2J+iyBj+gNf2Fh28JlUL/Ypr8In86VP9ox0rfan+cj9bttL1pO9GRX8eH9GC4pppc/Wm80xDlz3ooXvRQMjxz6071o/Cj8efegkMHGKOval460lAHi37Y2jnV/2evE+ODa+RdD/AIBMhP6Zr8zQvSv1t+L2ijxH8K/F2nbQxuNLuFUEZ+YRkj9QK/JKNsxqfav6C8Oa/Nl9aj/LO/3pf5H4/wAaU+XGUqveNvuf/BPsL/gnfq4i1zxppJb/AFtvb3ar/us6Mf8Ax5a+28ZGK/OX9hbX/wCy/jzDZltq6nptxbY9WXbKP0jNfo1nHavgOPKHsc7nP+eMX+HL+h9hwlV9plcY/wAra/G/6i4pOM+9JnI9KT6LX54fYhnd7UuR0o3H0oyPXmgBaTJ7Cjr0ptAC7vU8UoxTS35fShSewoEO98UY596Tn8aXnvQMXJ+lFL9aT9aBifyozzS0mfpQAv60UDmgdKAD26Umfyp3vSY9uaAG18aft/8Awnknt9M+IFhFkW6rYamFHIQsfKkP0JKn6rX2Xn1rL8U+GdP8aeHNS0LVYRcafqEDW80Z6lWGMj0I6g9iBXu5Jmk8nx9PFx2T1XeL3X+XnY8nM8DHMcLPDvd7eT6f12PxuDc1Ys7640u+t72zne2u7aRZoZozho3U5VgfUEV0vxe+F+qfBzx5qHhvUwXELb7W6xhbmAn5JB+HBHYgiuRX5hX9cUKtHFUo1qT5oSV12aZ/PtanUoVHTmrSi/uaP1Q/Zz+OFl8cPAsF8XSHXrILDqdmp5STH+sUf3HxkfiO1ercY4r8hvhh8S9d+Efi628Q6DP5dzF8ksD5MVzET80bjuD+YOCK/TX4LfHDw98cPDY1DSJfs9/CAL3TJmHnWzn1/vKezDg+xyK/m/izhepk9Z4nDxvQk/8AwF9n5dn8tz9k4fz2GZU1RrO1Vf8Ak3mvPuj0QfSloFL+FfnR9mN59qUe1Jt9qPqKAHc0nPTqKXnBFIBjjGRQAtHHpSbvfmm5P1oAVvz+lKKYWHXoOpPpXxh+1d+1msqXfgnwNfZDZi1PWLduMdGhhYfkzj6Dua9vKMnxWdYlYbDL1fSK7v8ATueVmGZUMtoutXfourfZHIftjfHmL4ieIl8KaHcCXw9pMpM80bZW7uRkEg91TkD1JY+lfNEuBTo/lUAcCmSdDzX9YZXllDKsJDCUFpH8X1b83/wD8Cx2Nq4/ESxFV6v8F0RpeD/COoePvFWl+HtKjMt/qE6wR+i56sfZRkn2Ffrb4H8IWPgHwfpHh3TE2WWnWyW8fq2Byx92OSfcmvmv9hv4FSeF9Fl8d63a+Vqepx+Xp0Uq/NDbHkyY7F+P+Agf3q+sK/BOO88jmGMWCoO9Olv5y6/dsvmfrPCuVvB4Z4mqrTqfhHp9+/3B9aPrRRX5cfdCfjRS/SkpgJt9qO3Sjb6ml/GgApM+howaMD0oAUkdO9A6c03j1xSg+9AC5o3UfQUn0oAdSUZ9TS0gEDZoz6Gj2pDn0pgHHsKTaPx96B+dLg4oEIW3VQ1q/TR9Hv7+TiO1t5J2Psqlv6Ve29815v8AtJeIB4X+BPjW+3bXbTpLZCDg7pcRDH4vXXhKLxGIp0F9qSX3uxzYiqqNGdV/ZTf3I/Kaa4a6mluHO55naQk9yxJJ/WvXf2Q9JOtftE+EkwStvJNdtjsEhcg/nivHSNqgV9Pf8E9dBbUPi/rOqFT5enaSyhuweWRAB+StX9XcQ1lhsnxVTb3GvvVl+Z+A5LSdbMaEf7yf3a/ofoXg/hRS0jZ7c1/Ix/RAfhRkcUmT3pefxoEKO/FFIuec0UDG7fekH0FL97r0pFX0yBQSO3H0pPx/Klz70gA+hoGMkjE0bRv8yOCpHseK/Hzxlocnhbxdrmiy8SaffT2p/wCASFQfyAr9hGr8y/2xvDJ8M/tAa+4XbDqiQ6hHgf30Ct/4+jfnX674c4r2eNr4Z/bin84v/Js/OuMqHPhqVZfZlb71/wAA5D4D+KB4O+NHg3VXbbFHqUcUpzj5JP3bfhh8/hX6zV+Lqu8bB4ztkQ7lYdiOQa/YL4e+I08YeBfD2txsGXULCG5P1ZASPzzXf4k4X3sNi11Ti/lZr82c/Bdf3K2HfRqS+ej/ACR0GQKXr703hqVfY8V+Jn6aFFL+lHXvSAa3pmj/ADzS7fxpKYDdpzwfwNLginCloAP50UdKOaBi0lGfx+lIc0gAAgUmQe9L97tRimIX0pab0peaQxaT8KM0e9ADcZ9RQuRSn35oHemI8l/aQ+Adh8dvBpth5dp4hsQ0mm3zD7rEcxv6o2Bn0OD25/MXXPDuo+E9bvNH1e0ksdSs5DFPbyjBVh/MdwRwQQa/ZX8a8Z/aG/Zp0X45ab9pjZNK8UW6bbbU1ThwOkcoH3k9+q9u4P6bwjxX/ZMvqeMd6L2e/K/8n1XzXW/xHEGQf2gvrOGX71br+b/g/wDDH5h8Vr+EfGGt+Adet9a8P6jNpmpQfdmhPUd1YHhlPdTxUvjrwJrvw18RXGieItPk0+/hPAblJV7OjdGU+orBWTNf0PGVHFUb6ThJeqaf4NH49KNShU6xlH5NM++fgt+3VoPieODTPHUaeHdW4UahGCbKY+p6mIn3yvuK+o7G/ttUtIruzuIru1lXdHNA4dHHqCOCK/GlFDV13gf4peLvhrMJPDWv3ulLnc0Ecm6Fz/tRtlT+VflGb+H+GxEnVy2fs3/K9Y/J7r8fkfd5fxfWoJU8bHnXdaP59H+B+uFG2vgjwr/wUC8YaXGkWu6FpmtqvBmgZrWVvrjcufoBXpGl/wDBQ3wtMo/tHwtrFm3f7PJFMPzLL/KvzrEcF55h3pR5l3i0/wAL3/A+0o8T5XWV3U5X2aa/4H4n1hTWzg4r5im/4KCeAFjJj0fX5G/umCJf18yuW1z/AIKK2CQsNG8F3UsuPla/vFjUH6IrZ/OuanwjnlR2WGa9bL82bT4iyqCv7ZP0Tf5I+xMmuN+I3xg8I/CnT2ufEmtW9i+3dHaK2+4l9kjHzH69Pevgnxv+2t8TPFyyQ2l/beG7V+NmlRYkx6eY+W/LFeG6hqFzqt5Ld3tzNeXcp3ST3Ehd3PqWPJr7TLPDutOSnmNVRXaOr+96L8T5nG8YU4rlwdNt95aL7t3+B778df2yfEHxTS40bQY5PDnhmTKuqv8A6VdL6SMPuqf7q/iTXz+rCoMUBtvXpX7Rl+X4TK6Kw+Dhyx/Pzb6v1PzbF4uvjajrYiV3/W3YuLJimySArjtXRap8L/Fmi+CrPxbfaFd2vh+8k8uG8kTAJ7EjqFbsxGDjiuU82u2nXhWTdOSkk7aO+q3Xqcs6U4NKcWr669u59q/snftdCR7HwN44uwH+WDTNZmb73ZYZie/ZX79D619o1+KrrvGCK+2v2SP2uftAsvA/jq8xONsGmazO3EnZYZmP8XZXPXoeeT+KcX8H2Usxy2PnOC/9Kj+q+aP07h3iLbB42XlGT/J/o/vPtGikzSbq/ET9PHZpPrSZ9KUevSmAN9KO1HNJz2GfWgBQPeijr2pvP1FABx3OaXp1/nRz+FHfP50CF/OjbSdfWnCgYho9qU0UgCkNLRQAnTrSH8zQ3qeaYzfjTEKWNfNH7fPiQaX8GbPS94Euq6nEm31SMNI36hK+lMFu9fCn/BQzxP8AbfG/hjw+km5LCye7lQHo8r4GffbH+tfZcI4X61nVBPaLcv8AwFXX42PmOIsR7DLKrW70+92/K58kyYAr7h/4Jx6C0PhzxnrTL8txdwWiN/1zRmb/ANGCvh6YV+nH7GPhkeGf2e/DrMmybUjNqEmeCfMc7T/3wqV+x8eYpUcldPrUlFfd736H51wjR9rmXP8AyJv79P1Pb6buKg96X72eKOPrX81H7YN3ZpSPl60dOvFG4CgBU70UL3ooGJtB9vanY/KkpaBBSY/Kg9OKTOe1AEcma+MP+ChnhEeT4R8Uxr8yvJpszAdiPMjz+T/nX2i3zDpXkn7UngX/AITz4G+JrRI911Zw/wBo2/HO+H5yB9VDD8a+p4Zx39n5tQrN2V7P0lo/zueBneFeMy+rTSu7XXqtT8u/Wv0Y/YV8Yf8ACSfBOPS5ZN9zod5JaFc8iJv3kZ/8fI/4DX5yI25AetfUH7AXjr+wfilqXhyd9tvrtnuiBPHnw5Yfmhk/IV+98aYF4zJarivep2mvlv8A+Stn5Twzi/q2ZQT2n7v37fikfoLiinUnAr+Wz91DNHb0pPcHFJ360AB+tJxnqaVvzo25oELwOnNO5pPp1pf0oKE9eaO1LSEe9ACU3dT9vvXiXxq/aq8J/CCSbTUY694iUf8AIOs3AEJ7ea/RPpy3tXdgsDicwrKhhYOcn0X69l5s48ViqODpurXkoxXc9rUiqt9q9hpa5vL22tB1zPKqfzNfmj8Qv2sPiP48mlH9uSaFYOTtstJ/cgD0L/fb868gvby41KYy3lxLdynrJO5dj+JNfqWE8OcTOKli66g+yXN+N1+p8HiOMqUW1h6Tl5t2/DU/XqP4geF5JRGviTSHkJwFW/iJ/LdW5DcRXMYkhkSaM9GjYEfmK/GIQx9kUfhW34f8W694VuFn0XW9Q0qVTkNZ3Tx/oDg121vDdW/c4rXzj/kzmp8aSv8AvaGnlL/gH7CbqOvfIr8/Phn+3X4u8KyRWviy3j8U6aMAzqFhu0HruA2v9GAJ9a+z/hf8YvCvxg0c3/hrU1ujGB59nINlxbk9nQ8j6jIPYmvzrN+G8xyX3sRC8P5lqv8ANfNI+yy7O8HmXu0ZWl/K9H/wfkdpSE+hNO/Wivlz3hM0bqOfSk59aAOV+I/wv8NfFfQX0nxLpsd9b8mKUfLNA396Nxyp/Q9818IfGD9iLxj4AmnvvDIfxboS5YCBcXkK+jR/x/VPyFfo1S/rX1OTcSY/JHy0JXh1i9V/wH6fO54eZZNhMzV6qtL+Zb/8H5n4yeU9tJJDMjRTRna8cilWUjsQehpc1+sHxA+CXgj4mBm8Q+HbW8uSMC8RTFcD/touG/M187+Nv+Ce9hcO83hPxLLZZORa6rH5qj2EiYP5qa/Ysv49yzEpLFJ0peeq+9a/ekfm2M4TxtBt0LVF9z+56fifE1NJr3/X/wBh/wCKGjs32S00/WYx/FZ3iqT+Em2uKvv2afilYMRJ4H1V8d4UWUf+Ok19pQzrLcQr08TB/wDbyX4N3PmamW42i7VKMl/26/zPNxjFRyY7V3i/AX4lO20eBdez/wBeLj+lbml/so/FjWTiLwddW4xndeTRQj/x5q6p5pgacb1MRBL/ABx/zMI4LEzdoUpN/wCF/wCR5EeaTbX1J4V/4J9+NNSZJNf1rS9Dhz8yQlrqXH0AVc/ia908DfsN/DzwtJHPqgvPFFyvOL5wkGf+uaYz9CTXy2N4zybBppVfaPtFX/HRfie7huG8yxL/AIfIu8nb8N/wPhPwB8K/FXxQ1AWfhnRrjU2Bw86rtgi93kPyr+efavtr4G/sSaF4Dnt9Z8Xyw+JNcjw8dqF/0O3b12n/AFjD1YY9u9fR+maTZ6LYxWWnWcFhZxDEdvbRrGij2UcVdC8c4r8mzrjbHZknRw/7qm+z95+r/RW+Z+g5ZwvhcE1Urv2k132Xov8AMztc0HTvE2i3mkarZxX2mXcRhntZVyrqe3t/Svzc/aa/Zh1D4I6l/amlmbUfB11Jthum5ktHPSKXH/jrd+nWv01x2z+VUda0Sx8RaTd6ZqlpHfafdxmGe3mXckinqCK8Th/iHEZDiOeHvU5fFHv5rs13+TPVzbKKOaUuWWk1s+3/AAD8ZVapFjDCvcv2l/2ZL/4J6sdT0wSX/g67kxBcn5ntGPSKU/8AoLd8eteIqOlf1BgcwoZjQjicLLmhL+rPs12Pw3GYOrg6ro11aS/q59qfsl/tarILLwN44vMTcQ6ZrFw33+ywzMe/ZXPXgHnBP2a1fi88e5eea+o/hF+3JqngPwBPoviHTpvEmo2YVNLumlCbo8Y2Tsck7eMEAkjg9M1+TcU8Fyr1PrmVR1k/ehotX1XRea6bo++yLiaNKH1bHy0S0lvt0f6P5H36vNUdQ1/StH/4/tTs7L1+0TpH/MivzE8fftTfEj4hXEv2jxDPpNk+QLDSSbeIL6Ej5m/Fq8ruJnvJTLcSPcSt1kmYux+pNcGD8N684qWLxCi+0Vzfi2v1OvEcZU4u2Hotru3b8NT9hbPxt4d1CTZa69pdzJ/dhvI3P5Bq2Y3WRQysGU9GU5Ffi6sMe7IRQfYV1Xhf4h+KfBsyy6H4i1PSmX+G3umCH6pnaR9RXRX8Nny3oYrXzj+qb/Ixp8aa/vaGnlL/ADX6n68UtfDHwt/bz1nSXis/HNgus2nAOpWKCO4QerR8K/4bT9a+yfBPjvQfiLoMOseHtSh1Owk43xH5kburqeVYehANfmubZBmGTS/2qHu9JLWL+fT0dmfa5fm+EzNfuJe92ejX9eRu460vPrS0V86e0NGadRSZFAB34paSlpAFJSnFNZv/AK1MAPXg0x1O3rzS9e2KQrjgdKZI2P7wzivyt/aR8ZDx18cPFmpI++3jujZQHPHlwgRgj6lSfxr9IvjB4zX4dfC/xN4i3BZbGykaHPQzEbYx/wB9la/I3zHkYvIxd2OWY9ST1Nfs/h1geapXxslslFfPV/p95+Z8ZYq0KWFXX3n+S/UsWtjNq19bWNspe4upVgjVeSWZgoH5mv2O8L6HF4Z8NaVpEAHk6faRWqY9EQKP5V+Zn7H/AINPjT4/eHldN9rpZfU5uMgeUPkz/wBtGSv1GNY+I+M58RQwUX8Kcn6y0X4L8TbgvC8tCriX9p2Xy/4f8BCfWm470N9aRfY5r8dP0cdx/dppHcflTue5FGD2bmmAR55oojXGRiigBAe3Wgmm5IPP54pdxx0pAGT3/Sk3H6ikwT2oII7UyRdx75ps1vFdQSQSqJIpFKOrdCpGCPypdp5707oc5o2D1PyE+JHgyX4f/EDxD4clGP7OvZIUPrHnMZ/FCpqPwB4qm8CeNtC8RQZ8zTLyO5wDjcoPzL+K7h+NfSP7fnw6OleMdJ8Z20f+jatF9jumA6Txj5Cf95OP+AV8omv65ynGQznK6VaeqnG0vXaS++5/PeYYaWW46dOOnLK69N0fsvp2oQatp9rfWsgltbmJZopB0ZGAKn8jU5x3r5+/Yj+In/CafBuDS7ibzNQ8PymxcMcsYT80LfTaSv8AwCvoKv5XzLAzy3GVcJPeDa9V0fzVmfvWCxUcZhoYiG0lf/P7mG3PvTWH1IpfpQzV5p2iY9v1pKTcc4ANJ7c0CY8HoOlO60wL69PQ07d2oAUmkorxz9qb40H4M/DeWexkVfEOqMbTTlPJRsZeXHoi8/UrXZg8JVx2IhhqCvKTsv68upzYnEU8JRlXqu0Yq55n+1l+1VJ4PkufBXg26C63t2ahqcZybMEf6uM/89MdT/D9enwvJI0jvJI7SSMSzO5JZmPJJJ6k0x7iW4mkmnkeaaRi7ySMWZ2JyST3JPemyPxX9X5HkuGyTCqhQV5P4pdZP/Lsun3s/AMzzOtmdd1qr06Lol/W7GvJUZkr1v4G/sy+Kvjhcfa7YDSPDkb7JdWuUJViOqxL1kb8gO57V9oeCf2K/hj4St4/telSeJLwD5rjVZC4J9o1woH4GvLzfizLMnm6NSTnUW8Y629Xol6Xv5Hdl2QY7Mo+0px5Yd5aX9Or/I/NZZN3epN1fq9P8AfhtcW5gfwPoXl4x8tiin8wM15D8Sv2D/CPiSCW48J3MvhjUcZWFmae1Y+hUncv1B/CvAwviDllefJWhKmn10a+dtfwZ69fhDHUo81OUZ+Wz/HT8T8/m+atPwh4z1v4d+JLTXvD1/Jp+pWzZWRPuuvdHHRlPcGtT4k/DHxH8KPEUmjeI7FrS5xuilU7orhP78bfxD9R3Ark2XdX6VTlQxlG6anTmvVNM+KnGrhatneM4v0aZ+pn7PPx80v47+E/tcapY69ZhU1HTd2TGx6Oncxtzg9uQeRXq3PfpX5EfCj4lap8IPHeneJdLZi1u224t84W5gJG+NvqOnoQD2r9ZvDPiKw8XeHdN1vTJhcafqFulzBIO6sMjPoexHYiv5s4v4dWR4pVKH8Gpt5PrH/Ly9D9r4dzl5pQcav8SG/muj/z8zS5pO/WlzSH6V8AfWi8H6UUgbtS5xQAUfjSZpOBzQAvNA9elHNGPxoAXcM0NSfpR/OkBG3507gr6CjbmgemKokUY49aX8M0oFFIoTFHpxTqSgDO13RNP8TaPeaVqtnFf6ddxmKe3mGVdT1B/wAa/OD9pb9mnUPgnqh1LThJf+D7qTEF0eXtWPSKX+jdD9a/S7jsBXzB+3L8X08I+BV8GWLI+q6+h+0ZAbybQH5jg93I2j2DHqBX3vBuYY7C5lDD4X3o1H70XtbrLyaXX5HyXEmEwtbBSrV9HBaPrft53/4J+f27IpjGn42rUTt71/Tl7bH4d6jS1KHr3/4E/sc+I/i5awazq8reG/DUnzRTSR7ri6X1jQ9F/wBpuPQGvr/wb+yB8LPB8CL/AMI2mtXAGGutXYzs3/AThB+C18NmvGWV5XN0XJ1JrdRs7erdl91z6rAcO4/HwVRJQg9nLr6Lc/MVG96nRuK/VjUf2d/hlqkBgn8D6KEI6w2qxN+DJgj868H+Kf7AemXlvNe+A9Sk0+7UFhpmoOZIX/2Vk+8n47h9K8zBcfZXipqnWUqd+r1X3rVfdY7sTwnj6Eeem1PyWj/H/M+Imbiur+Fvxe8Q/BrxTFrWg3B25AurGRj5N3H3Rx/JuoNYHibw5qvg7XLvRtbsZtN1O1bbLbzLhh6EeoPUEcEVlsNwr9BqU6GNouFRKcJr1TTPj062FqqcG4zi/Rpn64fCX4raH8ZPBlp4h0SX91J8lxayEeZbTAfNG49R69wQR1rss1+XP7K/xmk+C/xMge7mZfDmrlbXUo8/KmT+7mx6oTz/ALJav1GVxJGHQh1YZDKcgj1r+YOJ8hlkWM5Ia0p6xfl1T81+VmfumR5ss1w3PLScdJL9fRhuo6jrSe9H4V8gfRh+NA+tH4fhScZoEObHrTN2e/50ufSk9zQIPU0jc9OtIfrS4LkGmI+R/wDgoN4+/s7wnoHg6CTE2pzm+uVHXyYuEB9i5z/wCvhRgAK9R/ac+IR+JPxr8RajHL5lhay/2fZ85HlRZXI/3m3t/wACry9I5LmSOGFGkmkYIiL1ZicAD8TX9YcLZd/ZuVUaUlaTXNL1lr+CsvkfgGe4v69j6lSOqWi9Fp+O59zf8E7/AAD9h8M+IvGM6Yk1CcWFsT/zyj+ZyPq7Af8AAK+wM1x/wf8AAsfw1+GXhzw2igPY2aLMR/FMfmkP4uWrsDxX83cQZh/amZ18Wn7ren+FaL8EfteU4P6jgaVB7pa+r1f4jW96QD0GBTs0fhXz564BQKT9Kcc0de9AAvfnNFC8UUAR/Whqbye+Kd74/WmSAY/wnNLz0703b9ce1OXP4UhidOpFG73p+fXim+vcUxHmn7RHw3HxS+Eeu6PGm+/ji+2WXqJ48soH+8Mr/wACr8rtp7ggjgg9RX7Njcp/pX5k/tW/DNvhp8YNUWGHy9K1cnUbIqMKA5/eIP8AdfPHoRX7R4eZnyzq5bUe/vR9dpL7rP5M/MuMMDeMMbBbe6/0/VfcXv2N/iUfh78ZLO0uZvL0vXlGnT7j8qyE5hf/AL7+X6Oa/S2vxg894WWSN2jkQhldTgqwOQR7g1+qn7O/xYh+MXws0rW/MU6lGv2TUYx1S5QAMcejcMPZqXiJlTjOnmlNaP3Zeq+F/NXXyRfBuP5oTwM3qtY+nVfr82elfpSbsdRSEn14pA34V+Ln6XcXn1ozzSc8elO5oEL9TSfpQCfTFO7UhjMH1/OvzV/bW8fSeMvjlf2CS7rDQYl0+FQePMwHlb67jt/4AK/SssApJGAOa/G/xZqsmueLdc1KZi8t5fzzsxOc7pGb+tfrXh1hI1sdWxMvsRsvWT3+5NfM/POM8Q6eFp0F9p3+7/gszg1epfs4/B2T42fES30uXemi2Y+1alMpwREDgID2ZzwPQZPavK6/QP8A4J/+FYdL+Eup63tBudW1F1LY58uIBVH/AH0XP41+rcU5nPKMqqV6Wk3aMX2b6/JXa8z4LIcDHMMfClU+Fav0XT5ux9KaTpNloOmWum6bbRWVjaxrFBbwrtSNAOABVvHbNH6U6v5RlJyd5O7Z+/RSSstgpDTqY2ako8++OXwf0341eA7vRbxUjv0Bl0+9K/NbzgcHP909GHcH2FflTq2l3eg6te6ZfwtbX1nM9vPC3VJFJDD8xX7Ld+9fnH+3Z4Vg8PfHL7dbosa6xp8V5Iq8ZkBaNj+IRa/YvD7NakK88sm7xkuaPk1v96/FeZ+c8X4CEqMcbFe8nZ+ae33P8z592bq++v8Agn941k1b4c6v4ZuJdz6Ld77cMeRDMC2B7Bw//fVfAsbcV0/gz4jeJvh3cXU/hrWrnRpbpVSZ7bbl1BJAOQehJr9T4hyl53l8sJFpSunFvZNP/K6+Z8Fk+P8A7LxkcQ03HVNLqn/wbH69Cg9a/Ktv2lvio3/M9at/32g/9lqP/hpT4q/9D3q//fxf/ia/JP8AiHOYf8/4f+Tf5H6D/rphP+fUvw/zP1X6dqSvyoH7S/xXXp471b8WQ/8AstJ/w058WFH/ACPeqfnH/wDE0f8AEOcw/wCf0P8Ayb/5EP8AXPCf8+pfh/mfqzg+1J3r8p1/ae+LHfx1qn5x/wDxNL/w058Vv+h71X84/wD4mj/iHOYf8/4f+Tf/ACI/9c8H/wA+pfh/mfqyKMV+VI/ac+K2f+R61T84/wD4ml/4aY+KxP8AyPWq/wDfSf8AxNV/xDfMP+f8P/Jv/kQ/1zwn/PqX4f5n6q0mcnpX5YL+0v8AFQ/8zzqn/fSf/E0N+0t8VB08c6p/30n/AMTR/wAQ3zH/AJ/w/wDJv/kRf654T/n1L8P8z9T8A96Nor8r/wDhpz4rA4/4TnU//If/AMTTj+0x8VSP+R51T80/+Jpf8Q3zH/n/AA/8m/8AkR/66YP/AJ9S/D/M/U/pRmvyt/4aY+Knfx1qv/fSf/E0w/tMfFT/AKHnVv8AvtP/AImp/wCIc5h/z/h/5N/8iH+umE/59S/D/M/VXNGa/Kn/AIaY+Kv/AEPerY/3k/8AiaiP7SXxUJyfHesf9/V/+Jo/4hzmHWtD/wAm/wAgfGeE/wCfUvw/zP1ZZgmWYgKBkk9q/Jn41+PJfiX8VPEevu5eGa6aK2GchYEOyMD/AICAfqTV5v2k/ilJDJC/jjVZI5FKMrshBBGCPu150o2jFfccLcKVcirVK+InGUpJJWvot3ul5HyufZ/DNqcKVGLik7u9t+m3zGyV9Afsc/AOD4seLp9d1yHzvDWiOpaBh8t3cHlYz6qB8zDvlR3r5+l+6a/UD9k3wrH4V+APhSNECTX0B1Cdv7zysWBP/Ado/Cu/jPNamV5W/YO06j5U+ytdtfLT53OfhvL4Y7HL2qvGC5rd+y/X5Hru1Y1CIoRVGFUDAAHYUYPc04L2PJ9qCPSv5hP3IXPy/wCFAbj0ppJPfmlHv1oA8M/aq+Adr8YPBc2o2Fuq+LNKhaWzmQYa4QctA3qDzt9G+pr80WY8gggg4IPUV+0HQ8HNflF+0V4Xj8I/HLxnpsKbLf7e1xEvosoEuB7DeR+FfuHh7mlSp7TLajuormj5K9mvTVP7z8u4wwUKfJjILVuz8+z/AD/A86PzZr9Pv2QfH0vj74G6NJdSmW+0stpk7sck+XjYT9UKV+YNfbn/AATm1hm0nxtpJb5Iri2ukX0LK6t/6AtfS8eYWOIyWVVrWnKLXzfK/wA/wPE4TrujmagnpNNfdr+h9lUjexpaQj2zX80n7aIO/ajtS7aMCgBm7sKTHqMVJx603j1xTENOM4215b+0t8TT8K/g/rWqQSeVqdyv2Gw9fOkBG4f7q7m/4DXqo61+dP7cfxYbxt8Tl8NWc2/SfDoMLBT8r3TAeY3/AAEYT8G9a+t4Xyt5tmdOlJXhH3pei6fN2R87n2PWX4Gc0/elovV9fktT5vY4HJya9w/Y2+GX/CxvjPYXNxHv0vQQNSuMjIZ1OIU/F/m+iGvDJCQtfpR+xN8KX+HXwjj1S9i8vVvETLfShhhkhxiFD/wElv8AgdfvXF2af2XlM+R2nU92Pz3fyV/nY/LOHsD9ezCPMvdh7z+W33s+hKKbk0bvrX8rn7uLS0wt60u7PtQITuactJ74zSbhQA8UUinNFAyLg9+aMnPH6UzI7ml4bpVED+QevFO5+tMHHQU75ufSkMXb+FG3B4pBnGD/ADoP1NIBfpXgH7Z/wpf4ifCmTVLGHzdX8Ps17EqjLSQ4xMg/4CA3/AK9/XHTPNDKrqVYBlYYIYdRXo5fjqmW4uni6XxQd/XuvmtDixmFhjcPPD1NpK3/AAfk9T8WJJN3IORX0J+xH8YP+Fd/FD+wL+by9F8SFbcljhYroZ8p/wDgWSh/3l9K5P8Aad+D7fB/4rahY28RTQ9QJvtNbsI2PzR/8AbK/Tb615JuZGDIzI6nKspwQR0IPrX9XVaeF4hyxwTvTrR0fbqn6xf4o/CKUq+UY1S2nTf39/k0ftW2aT6ivH/2WvjRH8ZvhjaXFzMreIdNC2mpx/xFwPllx6OBn67h2r2LHbtX8mYzC1cDiJ4aurSi7P8Arz3R++4bEU8XRjXpO8ZK4mPxpN23/wCtTsDoOKaymuM6B26imqaOfSgAkTzI3X1GK/GnWLJ9P1i/tZBiSC4kiYH1VyD/ACr9mFr8q/2lvCMngv46eLbJo/LguLtr6DjgxzfvBj6EsPwr9h8OMRGGJxFB7yin/wCAu3/tx+b8aUHOhRrLZNr71/wDzAiv0b/YRv4rr4B28CMDJa6jdRSL3BLBx+jivzpCivpP9h/4vxeBfH1x4W1OYQ6T4gKiF3OFju1GE+gcfL9QtfoPGWBqZhk9SNLWUGp272vf8G38j5HhrFQweZQc9FJOP37fij9CTTd2ODkH1p7Nimj64r+XT91F3UdjxzSbgOh5oyOtAXDBJ61+fP8AwUH1GO6+MOi2aHL2ejp5nsXlkIH5AfnX3xrWuWXhrRr3VdTuUtNPs4WnnnkOAiKMk1+Tnxc+Ic/xW+I2ueKJ1aNb2b9xE3WOFRtjU++0DPuTX6l4f4GpWzCWLt7tNNX830+658LxZioQwkcPf3pP8F/wbHHKdtSB/eoZGxXtv7OX7MV1+0Bp+tX39stoVnp8scCTfZfOE0hBLL95cYG3/vqv3jG4zD5dh5YrFS5YK13q93bpqflWHw1bGVVQoR5pPoeM7qXdX2XH/wAE43HDePc/TSv/ALbTx/wTlHfx42P+wX/9tr5j/XPIf+gj/wAln/8AInsf6tZr/wA+f/Jo/wCZ8YZzTdor7RP/AATjQ9PHr/8AgrH/AMdpjf8ABOXB48enH/YK/wDttH+ueQ/9BH/ks/8A5Ef+rWa/8+f/ACaP+Z8ZbBTGr7RH/BOkd/HbH6aX/wDbaa3/AATn3fd8eEfXS/8A7bT/ANc8h/6Cf/JZ/wDyIf6t5t/z5/8AJo/5nxdup6PzX2U3/BOOTt49H46X/wDbafH/AME4z/F49OfbS/8A7bVf66ZCv+Yn/wAln/8AIi/1bzX/AJ8/+TR/zPjcSYFN8yvs/wD4dyD/AKHxif8AsF//AG2hf+CcafxePH/DSx/8dp/67ZF/0E/+Sz/+RF/qzmv/AD4/8mj/AJnxf5gzTw4r7Mb/AIJyxg8ePJT/ANwwf/HaQ/8ABOcdvHbf+Csf/HaP9dci/wCgj/yWf/yIf6s5t/z5/wDJo/5nxg8mKi82vtNv+Ccit/zPrD/uFj/47TP+Hby9T4/Y/TSh/wDHaz/10yL/AKCP/JZ//IlLhnNv+fP/AJNH/M+M0cHvUnBHWvsY/wDBOMr93x8fx0r/AO21J/w7nYKP+K9yf+wX/wDbaX+uWRf9BH/ks/8A5EX+rea/8+f/ACaP+Z8Z96eK+yV/4J2fNg+Ozn/sF/8A22vkDW9LuPD+tahpd0pW5sbiS2lUjBDIxU/qK9vLc7y/NpSjgqvM476Nb+qR52MyvF5eovE0+W+2qf5NlR1ypr9W/wBnrUotV+BvgaeE5T+yYIv+BIuxv1U1+UZbivtv9gf4xQ3ek3fw91GcJd2zPd6ZvP8ArI2OZIx7q3zY9GPpXyvH2AqYrKY1qSv7KV36NWb+WnyufQcJ4uFDHulPTnVl6rX/ADPsID6ChlJ7Zp2Pzo29Ca/mw/aCPv1p3P1oYdcDFJgduKYh4HtX5d/tZalDq/7QXi+aEhkinjtyR/ejhRW/UGv0T+LPxK074S+AtT8Sai4K28e23hJ+aecjCRr7k/kAT2r8ndW1a51zU73Ur2Qy3d5M9xNIf4ndizH8zX7F4dYGo69bHNe6lyrzbab+6y+8/OOMcVD2dPCr4m+Z/kvvu/uMySvsr/gnDZyNdePLzH7oLZw57ZzKa+M5K/RT9gfwe+gfBWXVJoikut38lyhPUxIBGp+mVc/jX3XHGIjQyOpF7zcYr7+b8kfL8LUXVzSEltFN/hb9T6VWkNLS+1fzCfuQ3BoH6UvrR/OmIQUje3Wjd260vHagDzn4/fFSL4O/C3V9fZl+37Ps1hE3/LS5cEJx3A5Y+ymvygmuJryeW4uJWmnmdpJJJDlnYnJYn1JJNe/ftnfGZfih8Rv7H02fzfD/AIfZoImU5We4ziWQeoGNoPoCe9fPhYKPav6c4KyR5ZgFVqq1Srq/JfZX6/M/DuJs0WOxfJTd4Q0Xm+r/AE+R6Z+zz8KZfjF8UtK0Uxs2mRN9r1GQdFt0ILDPqxwo/wB6v1dihS3hSKJFjjRQqqowFAGABXz5+xX8Hz8OPhgms38Hl654h23UgYfNFb4/cx/kS5939q+hvavyPjXOP7UzJ0qbvTpe6vN/af36eiR+icM5b9QwSnNe/U1fp0X9dxu3HvTefqKkpuPUV+fn1pHz3pw5pSo64oXHrQIXtSfTrQy/Wj9BQAsffnNFEff1ooGiLaOeM0bR9KkpNpbgmmITjHWgN+NO28dhSemPypALmlye1MGe4p+0fjQAnHfg0Yx3pe1IenSgDxj9q74ND4wfDC5Szh3+IdJ3XmnED5nIHzxfR1GPqFr8vSpUkMpVgcFWGCD6EV+0+7mvzx/ba+BZ8A+Mv+Ew0i2K+H9clJuFjX5ba7OSw9lflh77h6V+0cAZ4qcnlNd6S1h69Y/Pded+5+ccV5ZzRWPpLVaS9Oj+Wz+XY80/Z4+MM/wT+JFlrOXfSLjFrqduvO+An7wHdkPzD6Ed6/VbT9Qt9V0+3vbOZLm0uI1mhmjOVdGGVYH0IIr8YFXoa+1f2Gfj6NqfDjXbnBG59GnkbtyWt8/my/iPSva484feKoLNMOvfgveXePf1j+XoeVwrnCw9b6jWfuz+Hyfb5/n6n2jQfrxRS1/Pp+vDduetAB4NLuoz6GgQfhXyf+3p8JZfEPhiw8b6bAZLvRwYL4KMsbVjkP8A8AYn8HPpX1hn6VBdWcGoWs1rcxrcW86NHLFIMq6sMFSO4INevlOZVMpxtPGU9XF6rutmvmjz8wwcMww08PP7X4Poz8aFpeVYMpKsDkEHBB9RXuH7Tv7Od58F/ED6hpsUlz4PvpM21xgsbVjz5Mh7f7J7j3Brw8NX9aYHHYfMcPHFYaV4S/qz7NdT+e8XhK2DrSoV1aS/q68j7X/Z2/bUs5NPtfDnxEujbXUQEVvrrAmOVegE+Put/t9D3weT9dadqNprFnFd2F1De2ko3Rz28gkRh6hhwa/G/ANa/h3xfr/g+bzNC1zUdHbqfsV08QP1AODX51nHAOFx1R18FP2UnurXj8tmvxXZI+xy7izEYWCpYqPOl1vZ/Pv+Z+wWcfWuY8cfEvwx8N9Ne+8S61a6VEBlUlcGWT2RB8zH6CvzOu/2ififcW5hk8dayYyMHbcbTj6gZ/WvPr7UbvVrx7u/up766flprmVpHP1ZiTXiYTw3qc98ZiFy/wB1O7+btb7meriOM48tsPRd/wC89Pw3+9HvX7S37VV38Z1/sLRYJdL8Jxyb2SU4mvWB+VpAOijqE555PbHz0/y1IeajkXgnpX69gMvw2W4eOFwsOWK/F92+rPz/ABWLrY2q69eV5P8Aqy8htta3GpXkFnaxPcXVxIsUUMYyzuxwqgepJFfrL8A/hfH8Ifhbovh3C/bY4/PvpF/juH5c57gH5R7KK+ev2MP2X5dFktviD4stDFfMu/SNPmXDQqR/r3B6MQflHYHPUjH2QFx3r8O464ghjqscuwsrwg7yfRy2t6LX5vyP1DhbKZYWDxldWlJaLsv+D+XqL7UH86Tmj8a/Jz74XNJ2pf0o/CgBv6UmNvTkdKcRRyaBCbvTmgZoGO5o96AH0haj3zTeG6daBhRt4zS4HpRzQAmOxpT6CnfWkoAYV9wPrRz3FO9zR+NArEYUV8Bft2/B9/CvjOHxvp8BGl64wju9o4iuwOp9A6jP1VvWv0B/HNc94+8D6X8SPCOpeHNZg86wvojG2PvI3VXU9mU4IPtX03D2cSyTHwxO8dpLvF7/ADW69DxM3y2OZYSVH7W69f8Ag7H49K5HFW9G1q/8O6xZ6rpd1JY6jZyiaC4hOGjcdCP8811fxe+D+u/BfxdNoetRF4iS9nfKpEV3Fnh1Pr6r1B/A1xOK/q2jXo4uiqlJqcJL1TT/AK2PwirRqYeo4TXLOL+aZ+hnwF/bW8P+OrW20nxnNB4d8RABPtUh2Wl2fUMeI2P91uPQ9q+l4p47iJZYpFlicZV0IIYeoIr8YBCGHPeuo8L/ABG8W+CVCaB4m1TSYv8Anla3TrH/AN8Z2/pX5Zmvh3h8RUdXL6vs7/ZavH5Pdfifb4DjCvRgqeMhz26rR/NbP8D9ec1wfxQ+OHg/4Q6e8+v6rHHd7cxadARJdTH0VAcge5wPevzc1T49fEnWIDDd+ONbkiPVUujHn67MVwVxNJcTvNPLJPM5y0kjFmb3JPJrzMF4cONRSx1dOK6RW/ze33M7MVxneLWFpa95f5L/ADPTvjt8etb+OviJbq+X7Bo1qWFhpaNlYQersf4nI6nt0FeXydMUm+pLW1n1G7htbWGS5up3EcUMSlndicBQB1JNfseFwtDBUY4fDxUYRWi/r8WfnFfEVcRUdatLmlI2vht8P9Q+KXjzSPDGmq3n30wWSQDIhiHMkh9lUE/kO9frl4c8PWPhXw/p2jadEILCwt0toIx2RQAPx4rxb9lP9nWL4M+GW1TVo0k8X6nGDdNwfssfUQKfyLHuR6AV7z9RX858aZ/HOMWqGHd6VO9vN9X6dF9/U/ZuGcpll+GdWsrVJ7+S6L9X/wAAWj170n8qX61+dn2QjKKTHFO5HWk2n1oEM24714T+198Zv+FXfDiXTtOuPL8Q64rW1sUPzwxYxLL7YB2g+re1ev8AjXxhpfw/8Laj4g1q4Ftp1jEZZG7t6Ko7sTgAepr8rvi58UtT+L/ji/8AEepZjEx8u1tc5W3gH3Ix/MnuSTX6HwbkEs2xixFWP7mm7vzfSP6vy9T43iXNll+GdGm/3k9vJdX+i/4BwjKFGK9Z/Zb+DMnxm+KFrb3MRPh/Syt5qTkcMoPyQ/VyMfQNXlcdrPf3UNraxPPczusUUMYyzuxwqgepJFfqf+zj8Grf4J/DWz0pkVtYusXWpzj+OcgfKD/dQYUfQnvX7Jxfnv8AYuXuFJ/val1Hy7y+XTzaPzrh3Kv7SxalUX7uGr8+y+f5HqSqsaKqgKijAUDAA9BS8etH0FJk1/LB+8BRu7UDHpRxQAtNLe1HI6CkJOeo96CRwo2/hSL7UZ980DFTv2opU78YopgMDdaSkVTnrTsEc0Ei/rij8KXA60baRQfzoH5UdRwcUmPXmgBfrScD3pce1HtQAnvisHx34H0z4jeEtT8OaxD5un38Rjf+8h6q6nsykAj3FdAP1pa0p1J0ZqpTdpJ3T7NEShGpFwkrpn5B/E74b6r8JfG+o+GtXXM9s26KdRhLiI/ckX2I/IgjtXOWd5cabeQXdpO9td28iywzRHa0bqchgexBFfpf+1V8AY/jR4M+0adGq+KtKVpLF+B569WgY+jdvRsdia/M65t5bO4lguIngnicxyRSDayMDgqR2IOa/qrhrP4Z9glOVvaR0mv19H/mj8DzzKJ5VirR+B6xf6eq/wCCfp9+zJ8ebX43eCVa5dIvE2mqsOpW443HHyzKP7r4P0OR6V7FX5A/DP4laz8JfGlj4k0STbcW7bZYGJ8u4iP3on9iPyIB7V+qPwr+J2i/F3wbZ+ItDm328w2ywMR5lvKPvRuOxH6ggjg1+K8X8NSybEfWcOv3E3p/df8AL6dvLTofpvDmdrMqPsaz/ex3/vLv/mddmm7h0pf1pv3uK/Oz7IX6mjjtTdvvS9+tAFPWtFsPEWlXWmapZw32n3SGOa3nUMjqexFfD3xw/YX1TQpLjV/h87avp2S7aPM3+kxD0jY8SAehw31r7u60irX0GT57jckqc+Flo94vVP5fqtTx8xyrDZnDlrx1WzW6/rsfjTeWd1pV5LZ31rNZ3cRxJBcRlHQ+6nkVCZAK/Xfxl8MfCfxChEXiPQLHVsDCyXEI8xfo4+Yfga8Y179gn4Z6tI8lm2saOW6Ja3gdB+Eisf1r9jwfiHl9WKWLpyhLytJfo/wPzbFcHYyEr4ecZLz0f6r8T87GbNRmvvi3/wCCd/g2KbdL4l12aP8AuDyVP57K7Hw/+xD8K9DmSSfTL3WHU5xqN4zKfqqbQfxrvq8fZPTV4uUvSP8Am0clPhLM5OzUY+r/AMkz88fB3gvXPHusR6X4e0u51a+c/wCrtkJC+7N0Ue5IFfcX7P8A+xRY+Cri18QeNzBq+txESQabH81tbMOQzE/6xx/3yPfrX0n4d8LaN4R09bLQ9Ks9JtF/5Y2cCxL9SFHJ+taoP1r84zvjjGZjB0MIvZU3vr7z+fRen3n2mV8K4fByVbEv2k1t/Kvl1+f3DfXP8qctG0d6MfjX5ofcC0n0FL7Uh4oGLSUm4ev5UbqAF4HWjmkz7U7nrQAmPypMAdqP5UnvQAvWj6D9KMUjelAh31pR0pn1pe3XNAx3b1pO2BRjiloAQ56UDrS0lABik4+lIxoyfSgRy3xI+Gfh34seG5tE8RWK3do3zRyD5ZYH7PG3VW/Q9DkV8BfGX9jfxh8Mppr7RopPFXh8EkT2kZNxCv8A00iHJ/3lyPpX6TZ/Cjdivqsl4kx2RytRfNB7xe3y7P0+dzwcyybC5or1FaXSS3/4J+MW0qxVgVdTgqRgg+hFOzX6xeNvgh4D+IjPLr3hiwu7lhg3Sx+VP/38TDH8TXkmrfsCfDy+ld7K/wBa00N0jjuUkVfpuQn8zX69hfELLasV9YhKD+Ul96s/wPzvEcIY6nL9zKM19z+7b8T892ao5DX37Y/8E9/BEMhN3r+u3Sf3VeKP9dhrv/CP7IPwt8ITJPF4dGqXCYIl1WZrgZ9dh+T/AMdrfEcf5RTi3T55vyjb8W1+RhR4SzKo7T5Yrzd/yPz3+GnwW8Y/FrUEg8O6NNPblsSahMDHaxD1aQjH4DJ9q+/PgH+yp4d+DCRalcldc8UlMNqEiYSDPVYVP3f94/MfYcV7XbWsFjbx29tFHBBGNqRwoFVR6ADgVJnHFfl+ecY43OIuhTXsqT3Ser9Xpp5Ky73Pusq4bw2XSVWo/aVO7Wi9F+ovTtS9fQUbvSm9a+APryTFJ+FID68CnUDDimuyxxl2YKijJZuAB60tfGn7an7ShtI7n4d+F7vFw42azewtyikf8e6kdz/F6D5e5x7OUZViM5xccLQW+76JdW/61eh5mY5hSy3DuvV+S7vseW/teftED4s+Jv8AhHtDuC3hTSpTiRD8t7OODL7qvIX8T3FfO7SVG3yrxxXrX7NPwFvfjp4y8qUSW/hrT2WTUrxeMjqIUP8AfbH4DJ9M/wBVYelgeG8ttflpU1dvq/8ANt/5I/A6tTFZ1jb/ABVJvbt/wEe5/sNfAJbyRPiRr1tmONmTRoJF4LDIa459OVX3yfSvtzNVNN0u00XTbXT7C3jtbK1iWGCCMYVEUYVQPYCrW3I/wr+W88zerneNni6uiekV2j0X+fd3P3jK8up5ZhY4eG/V931f+XkAPXil+tIPY0vbqTXgHriY9DimsPXmnUnHbmgQgP0pGA4oIFJtGeuDTJHY/KlwD7UBaNo9KBjlxziikj70UhjefSlUdM0oIOc0v4UAFJxS0nSgYH2NFIM07FAhBmjI9aXjtSUDHZpOtC4/Cj6mgBM18a/tp/s2tfLdfEPwva7rhF36zYwrzIoH/Hwo9QPvDuOexr7JYjoajkCsCrBSrcEHnI9K9vJ81r5Ni44qh03XRrqn/Wj1PLzDAUsyw7oVfk+z7n4ulwy565r079nz48ap8B/GH26EPeaFeFY9S04N/rEHSROwkXJwe/IPXj0n9r79mCX4b6jP4x8LWrSeFLuQvdW0S5/s6Qnrj/nkxPB/hJx0xXzCsm4V/UeFxGA4jy+6XPSmrNPdPs+zX/BXQ/C69DFZNi7fDOOqffz80/8AgM/ZXwj4u0nx54dsdd0S8jv9MvEDxTRn81I7MDwQeQRWzX5X/s7ftGav8CfEBwJNQ8M3bj7dpm78PNizwHA/BgMHsR+m3g/xhpHjzw5Za7oV5HqGmXab45Yz+asOzA8EHkEV/OfEnDdfIK/81GXwy/R+f57rql+xZLnVLNqXaot1+q8vyNn6c07HrSK3PPFOwD718afSiUUUUDE6+1KPSm0v6UCHUUi59aWgYnFJS0nFAg3e9H403P4Uu71zQA7dSZ/zmk3Y703igB4oP0oAFGcd6ADbnvzQaN1L15oAatOox60tAxufTmj71Jzyc49qX7vXmgQbR9KXj8aSj8fwoAXNHFM4+lOGKAHUnHSjOO+aTOetIYMPek+7S/pScdjimITg9OtB+lLgj60bvXg+9AAB09aXrSZHrzQMYoAXpxS0gpfxoASk5peKQ49aAE+tOzmm4B9qVewoAXI70tJ9ea+eP2ov2pLX4R2Mvh/w/JHd+MbiP2ZLBCOHcd3/ALq/ieOD6OX5fiM0xEcLhY3k/uXm+yOLGYyjgaLr15WS/HyXmVf2s/2nI/hfpcvhjw3cq/i68jxJMhB/s+Mj75/6aEfdHbqe2fzumkeaR5ZHaWV2Lu7klmYnJJJ6kmrGoahdarf3F7fXEt5eXEjSzXEzFnkcnJYk9Tmp/DvhvU/GOv2Wi6PaSX2pXkgihhjHJJ7n0A6k9AATX9R5HkmG4fwfInrvOT0vb8kun39z8MzXM6+bYjnlttGPb/Nsv/Dn4ca38WPGNl4c0KHzLq4OZJmB8u3jH3pXPZR+pwBya/Vj4WfDPSPhH4J0/wAN6NHi3t1zLOwG+4lP35H9yfyGB0Fct+zx8BdM+Bfg8Wkfl3evXgWTUdQC/wCsfsi+iLzgd+Seterde/Ffh/F3Ezzqv9Xw7tQg9P7z/mf6L59T9P4dyRZZS9tWX72W/ku3+YUn40uBScV+dn2QhHvk0L9MUK3FKWoEDZ29eKjankHpk0x8jofyoARV57inqD65FRjjgnmpFY9+RTEKOKXJ570m3d1/Cjae9IY5e9FIneigBMGjnPWlx+NHFAC0mfxo4+tL3z0oAb68GlA9eKXj60UAJ+FJmnN9abgjOOfwoGLS0zv/AEpecf40AKabjuRRu9sUoYUEkN5Z22pWc9ndwx3NrMhilhlUMjqRgqQeoIr83P2qv2Xbv4O6tL4g0GF7jwZdycbcs1g7H/Vv/sZ+634HnGf0oxioNS0y01rTbiwv7aO8srmMxTQTKGSRCMEEHqK+oyDPsRkOJ9rT1g/ij3X6NdH+h4mbZVSzWj7Oekls+3/A7n4tKu7mvXP2fv2gtb+BPiHzIN+oeHrpx9v0tmwHHTzI8/dkA79D0PqO3/ag/ZOvfhPeXHiLwzBLe+DpG3SRrl5NOJPRu5j9G7dD2J+cxyvHNf0tRxGX8RYB2tOlPRp7p9n2a/4KPxGpRxeT4v8AlnHZ/wBbp/8AAZ+wvgLx/oXxN8NW2u+Hr9L7T5x24eNu6OvVWHcH+VdIK/I/4R/GLxL8F/Eq6toFzmOQgXenzEmC6QdnHY+jDkfmK/Sr4K/Hbw58b/D4vdIm+zajCo+2aVOw8+3b/wBmX0YcH2PFfz7xJwpiMjm61L36D2fVeUv89n5bH6/kufUsziqdT3avbo/Nf5bno1FGfakr4I+sDijvjrSA44xij9KYC/dozRz0xSHmgBev0pvXuMUv+eaTb6GgQYxzR+NLR26ZoAQewpRS803HtzQAvP8A+ukbH1paQ+lADVUA9OaePQU36HFHH1+lAh/60mRQPejtQMM0UYox170AJj2/WkZc80p/Sjn14oAP0o3fjS7aNvNAAOaOPSl/DmmsPwoATPtSnHYfnSbT25oKnvQAuaRRt70cDtSnselACHJ6mk4FO/DFJt96AFU++RTu3HWmrjpS+nrQAc/Wjb7UnIPJpaAEI4zSZ7YxSyMkMbySMqRqNzMxwAB1JNfGH7TH7Zyqt34W+Hl1uc5ivNfiPC9ilue59ZP++fWvcyjJ8XnWIVDCxv3fRLu/6u+h5WY5lh8spe1rv0XV+h3X7TH7W1j8Nre68N+FJ4tQ8WMDHLOuHh0/3bs0novbq3ofz6vr+61K+uL6+uJLu8uJDLNcTMWeRyclmJ6kmovMLMzOxd2OWZjkknqSfWtTwx4U1fxxr1rouhWEuo6ldNtjghHPuSegUdyeBX9NZLkeC4dwzUHrvKb0vb8ku3/Dn4hmWaYnOK6lNafZiun+bfcr6HoWo+KtZtNJ0izlv9Su5BFBbwjLOx/kPUngDk1+k/7NH7Nth8EdB+13ohvvFt4n+l3ijKwr18mIn+Edz/EfbAp37N37NWmfA/RRd3Xl6j4tuo8XV8BlYgf+WUWeijuerEemAPa6/HOLuLnmjeBwLtRW7/n/APtfLru+x+k8P8PLBJYrFK9Tov5f+D+QuB1oxj6UvSkya/LD7wKa2fTNO7c0YFADF9xT+KTd2FH48/SgQv3hTfLHbmnc0nTqaAE20A7etGR24oVsd80ABpAx70vp603aSfT8aYEi96KFXbmikMQNnoRmjdTBjsKcD1x0oJHZo5/Gm7h+FKCKBhmjJpGpvCn196AJOKTvTfrThn2oAU9aT15o70H64oATHP8AjSGl+nNKq+lAhF9KXp9KdRigojmhjuoJIZo1mhkUo8bqGVlIwQQeoNfDH7T/AOxxNoLXXivwBZNPppzLeaJCCz2/cvCO6eqdR244H3XRXvZPnWKyTEe2wz0e8Xs15/o90eTmOW0MzpezrLVbPqv67H4tqRz61qeHfEmq+ENYttX0TUJ9L1O2bdFc27bWHsexB7g8HvX3l+0h+xvp3xE+1eIvB6Q6T4nOZJrT7lvfH37JIf73Q9/WvgbWtE1Lwxq1zper2U+nalbPsmtrhCrofp6e/Q1/SuS55guIKDdPe3vQe6+XVef5bH4xmWVYnKaq59ukl/WjPvn9nr9s3SfH0dvoXjSW30LxIcRxXZOy1vT0GCeI3P8AdPB7HtX05tzzmvxcZRIMEZHfNfSH7P8A+2Frnwvjt9F8RrN4h8MrhYyXzdWi/wCwx++o/useOxHSvzviLgRS5sVlC9Yf/Iv9H8n0Prco4q5bUMw/8C/z/wA/v7n6J0ozXN+A/iJ4d+Jmhpq3hvVIdStG4byzh4m/uuh5VvYiujNfilSnOjN06kWpLdPRo/S6dSFSKnB3T2aF/SmkEYo9qUZ6Y4rMsTnpxTse1GKXmgYlHNGaWkMazY/rRu60fSkbA4piFDd6PrSDnmnDigBuO/QUv04pfpRigBPxpaPxo2/hQMT8cUeuaUUc80ANwO3Sj6nilPzUKpHNAhRz3oxRTevfIoGK31xSbaXj1o49qBCfTmk2nnmjj1pR25/KmABO9OoH0pf0pDGmm8dgKcf1pvtQIXnPSnfhTePSlVqAAr3rC8aeOdC+HegT6z4h1KHTbCL/AJaSty7dlRerMfQc1478cP2w/C/wvFxpeitH4k8SrlTBC/8Ao9u3/TWQdx/dXn1xXwN8SPih4j+KmuNqviTUpL6fkRRfdhgX+7GnRR+p7k1+iZDwZi80tXxN6dL/AMmfounq/kmfF5txNh8Delh/fqfgvV/ovwPXP2hv2tNW+Lhn0bRPO0Twpna0O7E94PWUjov+wOPXPb54c+lRNNXsHwB/Zr8RfHLUFuED6T4XifFxq0qcPjqkIP329+g7+lfvVKOXcOYKytTpR383+bb+8/KpyxmcYq7vOpL8P0SRxXw1+GviD4seKIdD8O2ZublzulmbIht07vI38I/U9Bk1+l3wJ+AOg/A3w/8AZ7EC+1q5UfbdVkXDyn+6v91Aei/icmum+G/wx8OfCnw7Ho3hzT0s7ZcGWQ8yzvj78jdWP6DtgV1VfgXE3FtbO5OhQThQXTrLzl/l+Z+tZJw/Ty1KtW96r36L0/zDmijNICDX58fYC0hPNL+FLzQA360v48UUbR6UgGe36UfpRgjpSj6ZpiE5PejAJp20euaXHFADfal/z0pfpSdvSgBefWjb+dJu560ufwoGLRQpzRQBAre9P3e1Rqv1p6jHagkX8CaTNO/Sk/HNMBuTikHsKdz7UnJ68UwHLRzjnpSc/hS0gFpTTdw6Uuc9aQxB9KcPWkC/jTvagBQc0ZopPbNAxaT8KPxoz9aQBXnPxj+AvhX416SbfWrXydRjUi21W2AW4gPpn+Jf9k8fQ816NRxXTh8TWwlWNbDycZLZoxrUaeIg6VWN4voz8rvjR+zf4u+CN20uo2/9p6CzYh1izUmL2Eg6xt7Hj0Jry9ZARX7N3lnb6lZzWt3bx3VrMpSSGZA6Op6gqeCK+RPjd+wbZ6o9xrHw7mTTbtsu+i3Lf6O59InPMZ/2TlfpX7jkPHlKvahmnuy/nWz9e3rt6H5bm3CtSnergfej/L1Xp3/P1Pjnwj421/4fa1Hq/hzVbjSb9P8AlpA3Dj+66nhl9iCK+zPg5+3tpesLBpvxBtV0a94UataKWtX93Tloz7jI+lfFviTwvrHg3VpdK13TbjStQh+/b3UZVvqPUe44rJYCvus0yTLc+pqVeN3bScd/v6r1uj5LAZpjcpqONGVl1i9vu6P0sz9ltJ1ix17T4L/TL23v7KYbo7i1kEkbj1DA4q6PrX5FfDr4t+LvhTfG58Ma1PYKxzJan57eX/fjPyn69fevr34W/t96Pqqw2fjrS20a6OFOo2AaW2b3ZPvp+G6vxXNuBcxwN6mF/fQ8viX/AG71+V/RH6dl/FWDxSUcR+7l57ff/nY+t889aWsjw34p0bxjpqahoeqWerWTjia0lWRfocHg+xrV+7X5xOEqcnCas13PtIyUkpRd0xee3H4UnNO69OaG7/4VJQz05p34kim89uKN3SgB4o5NJSrQMKWko6UAAJ9KN35UfXmk9u1ADvrSZPPGKTjjmlY+nWgA5oo9jR+lIA46UHryOKTJ6ZoyO5piE2ijg8Up/Kk/lQAd/ek+b0FOP60n4UAO/CigGloGJijHvXl/xO/aS8BfClZItW1mO61Jemmafie4z6EA4T/gRFfH/wAWP25PGHjJZrLwzGPCWltkebE3mXjj3kxhP+AjPvX1uVcL5nmzUqVPlg/tS0Xy6v5I+cx+fYHL7xnPml2Wr+fRfM+zPin8evBnwftz/b+rJ9uK7o9MtQJbmT/gA+6PdsCvhv42fth+K/igJtN0ln8L+Hmypt7WT/SJ1/6ayDHH+yuB65rwO91Ce9upbi6nkubiVt0k0zl3du5LHkmqrTA98V+3ZLwXgMqaq1V7Wour2Xov1d32sfl2acS4vML04e5Dst36v/KyJvMp9hZXesahBY2FrNe3twwjht7eMvJIx7Ko5Jr2L4Lfso+M/jF5N6Lf+wfD7HJ1S+QjzF/6ZR9X+vC+9feXwd/Z18HfBO1DaLZfadXdNk2r3mHuH9QD0RfZce+arPOLsBlF6UH7Squi2X+J9PTViyvh7F5jaclyU+76+i6/kfPHwB/YT3fZ9d+JS+jxeH4n/wDR7j/0BT9T2r7NsdOttKs4LOytorSzgURxQQIERFHQKo4Aqz/DSfe61/P2a5zjM4q+1xc7rolsvRfrufr+X5Zhstp+zw8fV9X6v+kKDtxgc0+m98Yp3414Z6o1lH1pOOh607I9cU3OenFAxwo+goH6UUAGcUHNHBo/lQAm386PwxS/zpD9KAD8KX603jNLQAMB6Umfalxt9zScHrxQAEj8aM+nNI2PwoA9BQIeveikRduaKBic0u6kzijlvegQde2aOPpRnH/1qTJoAXr3pD8vvSjnvSFT/k0CE+914FAxxQue5xQRTAX3o69B+dKo4zSdeg/GgYrZ/GlVj3FN5/GkGemKQElGfWo+egwaX8aAH8+1NHPTmkyT3p2B6YoAXr1o+lH4YNFAxM0o6Un6Uv6UCOZ8efDbw18TNJOneJNJt9TgwdjSLiSI+qOPmU/Q18YfGH9gzXtDafUfAl1/btgMt/Zl0wS6Qeitwsn44P1r7020dK+jyniDMMml/s0/d/lesfu6eqseLj8owmZL99H3u60f/B+Z+Mup6XfaDqE1hqdncadfQnbJbXUZjkQ+hU81WLba/Xnx58K/CXxOsvs3iXQ7TUwBhJpE2zR/7sgwy/ga+S/ip/wT6u4fOvfAOsC6T7w0rVWCv9EmHB/4EB9a/acq48y/GWhi/wB1Pz1j9/T5q3mfm2P4VxeHvLD/ALyP4/d1+X3Hyb4Z8Xa14L1RNR0HVbvSL5DxNaSlCfYgcMPY5FfTPw3/AG//ABLo4itfGGk2/iC3HBvLPFvc/Ur9xvyWvnDxp8N/FHw5vfsviXQr3R5M4Vp4z5b/AO64yrfga59Xr7DGZXlmd0lOvTjUT2kt/lJa/jY+Zw+Nx2V1HGjNwfVPb5pn6keA/wBq74a+PfKjg8QR6VeycC01YfZnz6Bj8h/Bq9dhmS4hWSJ1kjYZVkIII9Qa/F/hhg9K6nwh8UPFvgFgfD3iTUtKTOTDBcHyifeM5U/lX5rjvDqlO8sDXcfKSuvvVvyZ9pheMqsfdxVK/nHT8H/mj9d2FAX3r8+fB/7fXjvRNkWuWOm+I4R1kKG2mP8AwJPl/wDHa9o8L/8ABQHwLqiomtaVq2hTH7zLGtzEP+BKQx/75r4TF8GZ1hNqPOu8Xf8AD4vwPq8PxNlmI3qcr/vK347fifT5o/CvNvD/AO0j8MfE2z7F410pXbpHdTfZnye2JAtd/p+rWWrRCWyvLe8ibkSW8qyKR9Qa+Sr4TEYV8tenKD801+Z9FSxNDEK9Gal6NMtjFFLRXKdIgz3/AAprLz0/KnUUAMVc+/1p35Yox7c0n3etAhR7UvpTf0ooC4D68UUEfLzWDrvj7w14WjZ9Y8QaZpgXr9qu44z+ROa0hTnVfLBNvy1M5TjTV5uyN8flS5rxDxJ+2b8KvD6ny9ffWZR/yz0u2eX/AMeIC/rXkHiv/gogi708NeD2c/wz6tchR9dkef8A0KvpcLwvnOMs6eGkl3l7v/pVjxMRn2W4bSdZN+Wv5XPs+sLxV458O+CbU3Ov63YaPCBndeXCxk/QE5P4V+bnjb9r74peMt8Z1/8AsS1bP7jR4vs/HpvyX/8AHq8evr+61S6e5vrma8uXOWmuJDI7H3YnNfcYHw5xE7SxtdRXaOr+92S/E+WxXGdKPu4Wk5eb0/BX/Q++/iF+394P0Ay23hbTrvxPdLkC4b/RrXPruYbm/BR9a+YfiR+1p8RviSstvNq/9h6a/BsdHBhBHoz5Lt+ePavG6dFG00ixorPIxwqKMkn0Ar9Ky3hTKcstKnS5pL7UtX/kvkkfFY3P8fjrxqVLRfSOi/zfzYbiSSTkk5JPemtz14Fey/Dr9kn4jfEZopY9HbQtOfBN9q+YRt9VTG9vyx719d/Cr9ifwN4B8m81iM+LdXTDeZfoBbo3+zDnH/fRas804syrK7xlU55/yx1+97L77+RpgMgx+Ps4w5Y95afct2fEPwx/Z58b/GCaM6HpLx6czYbVLzMVso7kMR830UE19r/Bn9iPwb8N2g1HXQPFuuphg91Hi1hb/Yi5Bwe7Z+gr6Kt4I7aFIoo0iiQbUSMAKoHYAdKkz7V+M5zxtmWaJ0qT9lTfSO79Zb/dZeR+lZbwxg8C1UqfvJ93svRf53EVRGoVRtVRgADgCkbJpxpnINfnx9eC8+1L+NIOO+KNwNAgzj2/Gl/zzR7YzR9RQMOvBxShcDjim5HrinD6UALSCl/GjHegYHPbmjNBzSBs9KAF7U0jdkU7+VH3qAGc9AKcpOORRjtRnpxigQfjigij86X6UDE+vNFGCtJ+GaBCr3opV78YooAjVju7CnNmo87u1OXj3FMQvPbFLTT9KVcUgHbaP0paSgYnJo+tGRScZx3oAUrRuPejHpRg56YoAUEHp+lNI96dSEj15oAbwe9H0FGRSde3FAheetPVhTBx2pRn6GgZJSMM8Un40fU0DEP6UopOMc0u33OKBBu9OKTntRt980oyO2RQAn0FJ9admkPTk0AVNRsbXVrWS1vrWG8tZBh4biMOjD3UjBrwX4ifsS/Dvxy8lxpkM3hPUG58zTMeQT7wt8v/AHztr6CYClCjPpXp4LMsXl0+fCVXB+T0+a2fzOHE4PD4yPLiIKS8/wBHuj89PG37BPj3w8sk2hXdh4nt15CRt9nnx/uudufo1eB+KfA3iXwPcGHxBoOo6O4OM3ls6KfoxGD+Br9iqhurWG+gaC5hjuIHGGilQOrD3B61+hYLxCx9G0cXTjUXf4X+F1+B8fiuEMLU1w83B9t1/n+J+LyyBhkGpAa/VHxR+zH8L/F29rzwfp8EzdZrFTav9f3ZH8q8d8Vf8E8/DF9vfw94k1LSX6iO8RLmP6ZG1v1NfcYPxAyqtpXUqb81dfhd/gfLYnhHMKetLln6Oz/HT8T4WVht5qxZ6ndaXIJLG6nspB/HbStG35qRX0Xr3/BP/wCIOnszaZqui6xGOg814HP4MpH61wGsfsn/ABZ0Vj5vg+6ulAzuspY5x+AVs/pX1dHP8pxatDEwd+jaX4Ox89VynMMP8dCS9Ff8Vc53S/jj8Q9D2ix8ba5CqjAVr15FA+jEius0v9sL4uaXHsXxW10P+nqzgkP57M155q/w38XaC7LqPhfWLIr97zrGUAfjtxXOzRTWpxLFJD/10Qr/ADreeX5ZjFd0ac/+3YsxjjMZh3ZVJx+ckfRNr+3d8UrdQJJdHuT6yWGP/QWFXo/2/wD4kR432Hh+X62ko/lLXzJ9oU/xD86Rpgf4hXFLhvJ5b4WH3W/I6lneYx0WIl959QN/wUI+Ie3A0jw6D6/Z5v8A47VOb/goD8TJAdll4fi+lpIf5y180eaPWk81f7w/OiPC+TL/AJhY/cU89zJ715H0Deft0fFm63BNR0y0Df8APHTkOPpuJrm9Q/au+LWqqVl8bXsKntaxQw/qqA/rXkisH4X5j7c1oafoWpapJsstNvLxv7tvbvIf0BrqjkmU4fVYamvWMf1RhLNMfW0dab/7eZvax8TvF/iUsdW8VazqG7qs99IVP4ZxXPswkkLt8znqzck/jXX6T8DPiJrm02PgrXJlPRjZOi/mwArvvD/7FfxY1xUaXRbXSI253aheopH1VNx/StJZnleAjyutTgu14r8EZxwONxcrxpTk/Rv8TxHcKXdmvrrw7/wTt1eZo213xfZ2qfxx6fbNK30DOVH6V6x4T/YT+G2g7X1Iaj4imBz/AKZceXH/AN8xhf1Jr53F8b5Lh/hqub7Ri/zdl+J7OH4XzOs9aagvNr9Ls/OtY2nlWONWkkY4VEGSfoBXpngr9mT4kePGjaw8L3VpbP8A8vepD7NEB6/Pgn8Aa/Szwv8ADPwn4JjVNC8Oabpe0YD29sof8WxuP4mulbNfE4zxHqO6wVBLzk7/AIK35s+nw3BcdHiq1/KKt+L/AMj4z8B/8E8YFaOfxj4mabu1lo6bR9DK4z+SivpT4f8AwN8DfC+Nf+Ee8PWtrcjreyr5twf+2jZYfQYFdvu29vypc/jX51mPEWaZpdYms3HstI/crJ/O59lg8mwGAs6FJX7vV/e/0H9etHFNB/Ol3e9fOHti4opOf/rUc/8A6qBgT60ntTv1o2/hQAykb6/lTz6UlBIzH1FOHT1o/H8KVVH+TQAnTt+VOH0xRx9DR7mgYtI3emNIF6moWuMd6Bk4bPtS7g1VfP5o+0DHXFAi5xxSepFVlnHrR5wPU0AWN4NL2qq0oHTFM+0CgC6e3ejI55xVP7R1/wAaQTdiaYXLvHelqCNht46VMrCkA4UUUUDIMcdKFwO2Kd+NIR+VMgXcfSlVs8dDTPTr9TTlUUDH0EUdvSjmkMMfjRj3paB7UAJz9KMH1xSn6Un6GgBv86TbjvTmpNvtQITmj9KcvHBFOwKBjRnv0owO9OApe3SgYzJ7Ufhz60HPpxTSvzdaBC05c0mCBxS0ALmjn0pOlFAxCuaQD15p/PpSY9qBDdwpaTaPpSj0FAhaPrRnsOtJz0oAQ8GnfepvtmnKMUDDb3xS/dozTcZ780DHbs9eKr3Om2l8MXFrDOPSSNW/mKnA9aWhNxd0S0nozAuvh/4WvM+f4b0icn/npYRN/Nazpvg/4Em/1ngvw+/+9pkP/wATXWsTxgUfhXTHE147VH97Od4ejLeC+5HGR/BT4extuXwP4dB9tMh/+JrRt/hj4OtFAh8KaJEOwTToR/7LXRhvxzTs05YvES3qS+9hHDUI7QX3IyLfwfoFm26DRNNgIOcx2ka/yFakcSQrhEVB6KAKf0pKwlOc/idzeMYx+FWClpN3vSd/eoKE3HsKXNHDe9Lt9BigBDn8KTJp5phX0/WgQnNLjj1o20c+o/GgBOe4oWl6j1o5GMdKAH4paQUUFBz2pKPxpcDvQACkYev6UMuaKBCe/Sl+9600jPvS89aAF6Ux2p9RSZoArTyHOByx4AqpKtznAhc/hRfOyMpU4ORyKu3G+NsJDcSjH3klAH6mgDKkluI3VHiYO3CjGM0z7VKrFTG4I6/KakvS48Q2UIkkUFc8tkgnPr9KmuL6T7HdSQTXPmQMFxIi4Yk4445oAg+2EcMSp9GGKe108eGZWCnoSDVXVla48QLbjPz7AfpjmtPUnN5a3sKRspt8FCRwcDnH60AVWu227+dn97HFIJp2ZQsbHcMrgdRUCylvDLsT/wAtf8K0NJuLi5aBmslSER4Sbdk49PxoAqLqHXJwKliuzM21F3t1wKq3Uki3FrFLp8dqZJRhlIO4Z5FazSPb3LOqWvkK4Vin+sGeOaAEjkdSoYbSRkZq7Gxx61l3U0jXm149gQlVYA8ir0B4HNAi6vSimp370UFEWPej8eKj3Y604Hr3FMgdu96eGqNR81SLj8aBjvwpaSjGe1IYuPaijd7UKfzoGH0pMe9O5pp+lADePTmloIoBODQAcn29qd/nFN5pN3vxQIeKOtJnPfn60Z46UAL7U3p25pCxpaAHKKPSk/GjcBQMU57Hmm5PYZpePSj6UCBeOgo680m7NHOaADr7Uc5wKWmsew4oAcue9GaRV3UevpQAvHalpF9BS5x9aADH40UFqTPTPFAxfak/GlpDmgQY46UynfXgUdumRQAgX25o5PoDS9O9J1oAMGj9Kd1+lHHfrQFhn0NGD608frSFe5GPpQKwoXv3paQfSl7cUFBn0oo96WgBOvNJjnFL9KQ8/WkA1vqRSFjnjFDE/Wmj8/WmSSK3SncUwY69qX/PWgY6jjtSDnml4oGBPembjnrxTmpobPbNAhdvWl/UUgz60rE/U0ALUUlPGfrQ31oAzLqESMA2QueSOtRTfYGMJaSYeV/dH3vr61fkiz25PvVWS0yelAFCRrSPVobuNnKgksCOF44xVqa+t7gkG9uAuc7Qg4wcjtTWsh3FJ9iHpQBFDNDHq0l20kkuI8KWXkn8BRZ6xc/aB9qfdAQQQFFWPsgUdKRrX24pgUpDEulS2q5JM25eP4c1Zs2sbGRXWe4OFxsbO3n2xT1tR0o+xA0gKqw2UdxbzLPcSmOQNiTnA/zipo7i3WO6OGkkml3lGGAcHj9KmFmozT1sxu7UCCab7Y0TjOQvK46GrMXGM802OIDtiplUDpVCLER49KKSJutFIpFdeeDS98UUUCHqPWnLxzRRQIcxxj1pVOaKKA6isetJj60UUhi0oHeiigYtFFFAxGWo2+ToKKKZLHLyuaGoooAbyO9PVQKKKRQu0Cm/xUUUCF27uaTpnPNFFAhRQoBz7UUUDQoHFIy5oooGG3b0o7gUUUEjsYo70UUDEWiiigAxzil9qKKBiYzijFFFAABQVFFFADe2abu28YoooEx/3SKdRRQAnFAXmiigBaKKKBhikbpRRQA00naiigQuKMc0UUDFWhe9FFAC8U2iigQZ/OlXmiigQL6UMtFFMY0DjNRugLGiikITyVajyVbPGKKKBgEGTTPLBz2oooEHlKQacsY4oooGO8teTil8sf16UUUAxdo9KGUbc0UU+ohIu9FFFMR//9k=');
INSERT INTO `user` VALUES (3, 'admin', 'e10adc3949ba59abbe56e057f20f883e', 'USER', '2025-12-24 20:58:53', '');
INSERT INTO `user` VALUES (4, 'test2', 'e10adc3949ba59abbe56e057f20f883e', 'USER', '2026-01-15 19:39:29', '');

-- ----------------------------
-- Table structure for words
-- ----------------------------
DROP TABLE IF EXISTS `words`;
CREATE TABLE `words`  (
  `id` bigint NOT NULL AUTO_INCREMENT COMMENT '单词ID',
  `original_text` varchar(100) CHARACTER SET utf8mb4 COLLATE utf8mb4_0900_ai_ci NOT NULL COMMENT '单词原文(英/日)',
  `translation` varchar(255) CHARACTER SET utf8mb4 COLLATE utf8mb4_0900_ai_ci NOT NULL COMMENT '中文翻译',
  `note` text CHARACTER SET utf8mb4 COLLATE utf8mb4_0900_ai_ci NULL COMMENT '备注/例句/助记',
  `language_type` varchar(20) CHARACTER SET utf8mb4 COLLATE utf8mb4_0900_ai_ci NULL DEFAULT 'ENGLISH' COMMENT '语言: ENGLISH/JAPANESE',
  `created_by` bigint NULL DEFAULT 0 COMMENT '创建人ID，0为系统默认',
  `created_at` timestamp NULL DEFAULT CURRENT_TIMESTAMP,
  `book_id` bigint NOT NULL DEFAULT 1 COMMENT '所属单词书ID',
  `user_id` bigint NULL DEFAULT 0 COMMENT '创建者ID',
  PRIMARY KEY (`id`) USING BTREE,
  INDEX `idx_book_id`(`book_id` ASC) USING BTREE
) ENGINE = InnoDB AUTO_INCREMENT = 220 CHARACTER SET = utf8mb4 COLLATE = utf8mb4_0900_ai_ci COMMENT = '单词库' ROW_FORMAT = Dynamic;

-- ----------------------------
-- Records of words
-- ----------------------------
INSERT INTO `words` VALUES (1, 'abandon', 'v. 放弃，抛弃', 'He decided to abandon the sinking ship.', 'ENGLISH', 0, '2025-12-18 19:15:08', 1, 0);
INSERT INTO `words` VALUES (2, 'ability', 'n. 能力，才干', 'She has the ability to manage the business.', 'ENGLISH', 0, '2025-12-18 19:15:08', 1, 0);
INSERT INTO `words` VALUES (3, 'normal', 'adj. 正常的', 'It is normal to feel tired after a long trip.', 'ENGLISH', 0, '2025-12-18 19:15:08', 1, 0);
INSERT INTO `words` VALUES (4, 'abroad', 'adv. 在国外', 'He has never been abroad.', 'ENGLISH', 0, '2025-12-18 19:15:08', 1, 0);
INSERT INTO `words` VALUES (5, 'absence', 'n. 缺席，不在', 'The decision was made in my absence.', 'ENGLISH', 0, '2025-12-18 19:15:08', 1, 0);
INSERT INTO `words` VALUES (6, 'absolute', 'adj. 绝对的', 'I have absolute confidence in her.', 'ENGLISH', 0, '2025-12-18 19:15:08', 1, 0);
INSERT INTO `words` VALUES (7, 'absorb', 'v. 吸收；同化', 'Plants absorb carbon dioxide.', 'ENGLISH', 0, '2025-12-18 19:15:08', 1, 0);
INSERT INTO `words` VALUES (8, 'abstract', 'adj. 抽象的 n. 摘要', 'Abstract art can be hard to understand.', 'ENGLISH', 0, '2025-12-18 19:15:08', 1, 0);
INSERT INTO `words` VALUES (9, 'academic', 'adj. 学术的', 'The university has high academic standards.', 'ENGLISH', 0, '2025-12-18 19:15:08', 1, 0);
INSERT INTO `words` VALUES (10, 'access', 'n. 进入；使用权', 'Do you have access to the internet?', 'ENGLISH', 0, '2025-12-18 19:15:08', 1, 0);
INSERT INTO `words` VALUES (11, 'accident', 'n. 事故，意外', 'He was injured in a car accident.', 'ENGLISH', 0, '2025-12-18 19:15:08', 1, 0);
INSERT INTO `words` VALUES (12, 'accompany', 'v. 陪伴，伴随', 'May I accompany you to the party?', 'ENGLISH', 0, '2025-12-18 19:15:08', 1, 0);
INSERT INTO `words` VALUES (13, 'accomplish', 'v. 完成，实现', 'We have accomplished our mission.', 'ENGLISH', 0, '2025-12-18 19:15:08', 1, 0);
INSERT INTO `words` VALUES (14, 'according', 'adv. 依照', 'Everything went according to plan.', 'ENGLISH', 0, '2025-12-18 19:15:08', 1, 0);
INSERT INTO `words` VALUES (15, 'account', 'n. 账户；解释', 'Open a bank account.', 'ENGLISH', 0, '2025-12-18 19:15:08', 1, 0);
INSERT INTO `words` VALUES (16, 'accurate', 'adj. 准确的', 'The report is accurate and well-written.', 'ENGLISH', 0, '2025-12-18 19:15:08', 1, 0);
INSERT INTO `words` VALUES (17, 'accuse', 'v. 指责，归咎', 'He was accused of theft.', 'ENGLISH', 0, '2025-12-18 19:15:08', 1, 0);
INSERT INTO `words` VALUES (18, 'achieve', 'v. 实现，达到', 'She worked hard to achieve her goals.', 'ENGLISH', 0, '2025-12-18 19:15:08', 1, 0);
INSERT INTO `words` VALUES (19, 'acknowledge', 'v. 承认；致谢', 'They acknowledged their mistake.', 'ENGLISH', 0, '2025-12-18 19:15:08', 1, 0);
INSERT INTO `words` VALUES (20, 'acquire', 'v. 获得；学到', 'She acquired a knowledge of German.', 'ENGLISH', 0, '2025-12-18 19:15:08', 1, 0);
INSERT INTO `words` VALUES (21, 'adapt', 'v. 适应；改编', 'It took time to adapt to the new environment.', 'ENGLISH', 0, '2025-12-18 19:15:08', 1, 0);
INSERT INTO `words` VALUES (22, 'addict', 'v. 使沉溺 n. 入迷的人', 'He is a computer game addict.', 'ENGLISH', 0, '2025-12-18 19:15:08', 1, 0);
INSERT INTO `words` VALUES (23, 'addition', 'n. 增加；加法', 'In addition to English, he speaks French.', 'ENGLISH', 0, '2025-12-18 19:15:08', 1, 0);
INSERT INTO `words` VALUES (24, 'address', 'n. 地址 v. 演说', 'What is your email address?', 'ENGLISH', 0, '2025-12-18 19:15:08', 1, 0);
INSERT INTO `words` VALUES (25, 'adjust', 'v. 调整，调节', 'Adjust the seat to fit your height.', 'ENGLISH', 0, '2025-12-18 19:15:08', 1, 0);
INSERT INTO `words` VALUES (26, 'administration', 'n. 管理；行政', 'The school administration is strict.', 'ENGLISH', 0, '2025-12-18 19:15:08', 1, 0);
INSERT INTO `words` VALUES (27, 'admire', 'v. 钦佩，赞赏', 'I admire her courage.', 'ENGLISH', 0, '2025-12-18 19:15:08', 1, 0);
INSERT INTO `words` VALUES (28, 'admit', 'v. 承认；准许进入', 'He admitted that he was wrong.', 'ENGLISH', 0, '2025-12-18 19:15:08', 1, 0);
INSERT INTO `words` VALUES (29, 'adopt', 'v. 收养；采纳', 'They decided to adopt a child.', 'ENGLISH', 0, '2025-12-18 19:15:08', 1, 0);
INSERT INTO `words` VALUES (30, 'adult', 'n. 成年人', 'Tickets are $10 for adults.', 'ENGLISH', 0, '2025-12-18 19:15:08', 1, 0);
INSERT INTO `words` VALUES (31, 'advance', 'v. 前进 n. 预付', 'Technology is advancing rapidly.', 'ENGLISH', 0, '2025-12-18 19:15:08', 1, 0);
INSERT INTO `words` VALUES (32, 'advantage', 'n. 优势；利益', 'Take advantage of this opportunity.', 'ENGLISH', 0, '2025-12-18 19:15:08', 1, 0);
INSERT INTO `words` VALUES (33, 'adventure', 'n. 冒险', 'Their trip was a great adventure.', 'ENGLISH', 0, '2025-12-18 19:15:08', 1, 0);
INSERT INTO `words` VALUES (34, 'advertise', 'v. 做广告', 'They advertise their products on TV.', 'ENGLISH', 0, '2025-12-18 19:15:08', 1, 0);
INSERT INTO `words` VALUES (35, 'advice', 'n. 建议', 'Can you give me some advice?', 'ENGLISH', 0, '2025-12-18 19:15:08', 1, 0);
INSERT INTO `words` VALUES (36, 'advocate', 'v. 提倡 n. 拥护者', 'He advocates a healthy lifestyle.', 'ENGLISH', 0, '2025-12-18 19:15:08', 1, 0);
INSERT INTO `words` VALUES (37, 'affair', 'n. 事情；事务', 'The government handles foreign affairs.', 'ENGLISH', 0, '2025-12-18 19:15:08', 1, 0);
INSERT INTO `words` VALUES (38, 'affect', 'v. 影响；感动', 'The weather affected our plans.', 'ENGLISH', 0, '2025-12-18 19:15:08', 1, 0);
INSERT INTO `words` VALUES (39, 'afford', 'v. 买得起；承担', 'I cannot afford a new car.', 'ENGLISH', 0, '2025-12-18 19:15:08', 1, 0);
INSERT INTO `words` VALUES (40, 'afraid', 'adj. 害怕的', 'Don’t be afraid of making mistakes.', 'ENGLISH', 0, '2025-12-18 19:15:08', 1, 0);
INSERT INTO `words` VALUES (41, 'agency', 'n. 代理处', 'He works for an advertising agency.', 'ENGLISH', 0, '2025-12-18 19:15:08', 1, 0);
INSERT INTO `words` VALUES (42, 'agenda', 'n. 议事日程', 'What is on the agenda for today?', 'ENGLISH', 0, '2025-12-18 19:15:08', 1, 0);
INSERT INTO `words` VALUES (43, 'agent', 'n. 代理人', 'Please contact our travel agent.', 'ENGLISH', 0, '2025-12-18 19:15:08', 1, 0);
INSERT INTO `words` VALUES (44, 'aggressive', 'adj. 侵略的；有进取心的', 'He allows an aggressive marketing strategy.', 'ENGLISH', 0, '2025-12-18 19:15:08', 1, 0);
INSERT INTO `words` VALUES (45, 'agriculture', 'n. 农业', 'Agriculture is the backbone of the economy.', 'ENGLISH', 0, '2025-12-18 19:15:08', 1, 0);
INSERT INTO `words` VALUES (46, 'ahead', 'adv. 在前；向前', 'Go ahead and don’t look back.', 'ENGLISH', 0, '2025-12-18 19:15:08', 1, 0);
INSERT INTO `words` VALUES (47, 'aid', 'n. 援助 v. 帮助', 'They sent food aid to the region.', 'ENGLISH', 0, '2025-12-18 19:15:08', 1, 0);
INSERT INTO `words` VALUES (48, 'aim', 'n. 目标 v. 瞄准', 'My aim is to become a doctor.', 'ENGLISH', 0, '2025-12-18 19:15:08', 1, 0);
INSERT INTO `words` VALUES (49, 'aircraft', 'n. 飞机，飞行器', 'The aircraft landed safely.', 'ENGLISH', 0, '2025-12-18 19:15:08', 1, 0);
INSERT INTO `words` VALUES (50, 'alarm', 'n. 警报 v. 惊动', 'The fire alarm went off.', 'ENGLISH', 0, '2025-12-18 19:15:08', 1, 0);
INSERT INTO `words` VALUES (54, 'a', '一个', '一个', 'ENGLISH', 1, '2025-12-21 18:13:32', 4, 0);
INSERT INTO `words` VALUES (55, '私 (わたし)', '我', '私は学生です。 (我是学生。)', 'JAPANESE', 0, '2025-12-24 22:05:17', 2, 0);
INSERT INTO `words` VALUES (56, '学生 (がくせい)', '学生', '彼は日本語の学生です。 (他是日语专业的学生。)', 'JAPANESE', 0, '2025-12-24 22:05:17', 2, 0);
INSERT INTO `words` VALUES (57, '先生 (せんせい)', '老师', '田中先生は優しいです。 (田中老师很温柔。)', 'JAPANESE', 0, '2025-12-24 22:05:17', 2, 0);
INSERT INTO `words` VALUES (58, '学校 (がっこう)', '学校', '学校へ行きます。 (去学校。)', 'JAPANESE', 0, '2025-12-24 22:05:17', 2, 0);
INSERT INTO `words` VALUES (59, '会社 (かいしゃ)', '公司', '父は会社員です。 (父亲是公司职员。)', 'JAPANESE', 0, '2025-12-24 22:05:17', 2, 0);
INSERT INTO `words` VALUES (60, '社員 (しゃいん)', '职员', 'IMCの社員です。 (是IMC公司的职员。)', 'JAPANESE', 0, '2025-12-24 22:05:17', 2, 0);
INSERT INTO `words` VALUES (61, '人 (ひと)', '人', 'あの人は誰ですか。 (那个人是谁？)', 'JAPANESE', 0, '2025-12-24 22:05:17', 2, 0);
INSERT INTO `words` VALUES (62, '本 (ほん)', '书', 'これは本です。 (这是书。)', 'JAPANESE', 0, '2025-12-24 22:05:17', 2, 0);
INSERT INTO `words` VALUES (63, '辞書 (じしょ)', '词典', '電子辞書を使います。 (使用电子词典。)', 'JAPANESE', 0, '2025-12-24 22:05:17', 2, 0);
INSERT INTO `words` VALUES (64, '雑誌 (ざっし)', '杂志', 'ファッション雑誌を読みます。 (看时尚杂志。)', 'JAPANESE', 0, '2025-12-24 22:05:17', 2, 0);
INSERT INTO `words` VALUES (65, '新聞 (しんぶん)', '报纸', '毎朝、新聞を読みます。 (每天早上看报纸。)', 'JAPANESE', 0, '2025-12-24 22:05:17', 2, 0);
INSERT INTO `words` VALUES (66, 'ノート', '笔记本', 'ノートに名前を書きます。 (在笔记本上写名字。)', 'JAPANESE', 0, '2025-12-24 22:05:17', 2, 0);
INSERT INTO `words` VALUES (67, '手帳 (てちょう)', '记事本', '手帳に予定を書きます。 (在记事本上写计划。)', 'JAPANESE', 0, '2025-12-24 22:05:17', 2, 0);
INSERT INTO `words` VALUES (68, '名刺 (めいし)', '名片', '名刺を交換します。 (交换名片。)', 'JAPANESE', 0, '2025-12-24 22:05:17', 2, 0);
INSERT INTO `words` VALUES (69, 'カード', '卡片', 'クレジットカードで払います。 (用信用卡支付。)', 'JAPANESE', 0, '2025-12-24 22:05:17', 2, 0);
INSERT INTO `words` VALUES (70, '鉛筆 (えんぴつ)', '铅笔', '鉛筆で書いてください。 (请用铅笔写。)', 'JAPANESE', 0, '2025-12-24 22:05:17', 2, 0);
INSERT INTO `words` VALUES (71, '鍵 (かぎ)', '钥匙', '部屋の鍵を忘れました。 (忘了房间的钥匙。)', 'JAPANESE', 0, '2025-12-24 22:05:17', 2, 0);
INSERT INTO `words` VALUES (72, '時計 (とけい)', '钟表', 'この時計は高いです。 (这块表很贵。)', 'JAPANESE', 0, '2025-12-24 22:05:17', 2, 0);
INSERT INTO `words` VALUES (73, '傘 (かさ)', '伞', '傘を借りました。 (借了一把伞。)', 'JAPANESE', 0, '2025-12-24 22:05:17', 2, 0);
INSERT INTO `words` VALUES (74, '鞄 (かばん)', '包', '重い鞄を持ちます。 (提沉重的包。)', 'JAPANESE', 0, '2025-12-24 22:05:17', 2, 0);
INSERT INTO `words` VALUES (75, 'テレビ', '电视', 'テレビを見ます。 (看电视。)', 'JAPANESE', 0, '2025-12-24 22:05:17', 2, 0);
INSERT INTO `words` VALUES (76, 'ラジオ', '收音机', 'ラジオを聞きます。 (听收音机。)', 'JAPANESE', 0, '2025-12-24 22:05:17', 2, 0);
INSERT INTO `words` VALUES (77, 'カメラ', '照相机', 'カメラで写真を撮ります。 (用相机拍照。)', 'JAPANESE', 0, '2025-12-24 22:05:17', 2, 0);
INSERT INTO `words` VALUES (78, 'コンピューター', '计算机', 'コンピューターを勉強します。 (学习计算机。)', 'JAPANESE', 0, '2025-12-24 22:05:17', 2, 0);
INSERT INTO `words` VALUES (79, '車 (くるま)', '车', '車を運転します。 (开车。)', 'JAPANESE', 0, '2025-12-24 22:05:17', 2, 0);
INSERT INTO `words` VALUES (80, '机 (つくえ)', '桌子', '机の上に本があります。 (桌子上有书。)', 'JAPANESE', 0, '2025-12-24 22:05:17', 2, 0);
INSERT INTO `words` VALUES (81, '椅子 (いす)', '椅子', '椅子に座ってください。 (请坐在椅子上。)', 'JAPANESE', 0, '2025-12-24 22:05:17', 2, 0);
INSERT INTO `words` VALUES (82, 'チョコレート', '巧克力', 'バレンタインデーのチョコレート。 (情人节的巧克力。)', 'JAPANESE', 0, '2025-12-24 22:05:17', 2, 0);
INSERT INTO `words` VALUES (83, 'コーヒー', '咖啡', 'コーヒーを飲みますか。 (喝咖啡吗？)', 'JAPANESE', 0, '2025-12-24 22:05:17', 2, 0);
INSERT INTO `words` VALUES (84, 'お土産 (おみやげ)', '礼物/特产', '日本のお土産を買いました。 (买了日本的特产。)', 'JAPANESE', 0, '2025-12-24 22:05:17', 2, 0);
INSERT INTO `words` VALUES (85, '英語 (えいご)', '英语', '英語がわかりますか。 (懂英语吗？)', 'JAPANESE', 0, '2025-12-24 22:05:17', 2, 0);
INSERT INTO `words` VALUES (86, '日本語 (にほんご)', '日语', '日本語を勉強しています。 (正在学习日语。)', 'JAPANESE', 0, '2025-12-24 22:05:17', 2, 0);
INSERT INTO `words` VALUES (87, '何 (なん)', '什么', 'これは何ですか。 (这是什么？)', 'JAPANESE', 0, '2025-12-24 22:05:17', 2, 0);
INSERT INTO `words` VALUES (88, '誰 (だれ)', '谁', 'あの人は誰ですか。 (那个人是谁？)', 'JAPANESE', 0, '2025-12-24 22:05:17', 2, 0);
INSERT INTO `words` VALUES (89, '今日 (きょう)', '今天', '今日はいい天気です。 (今天天气很好。)', 'JAPANESE', 0, '2025-12-24 22:05:17', 2, 0);
INSERT INTO `words` VALUES (90, '明日 (あした)', '明天', '明日また会いましょう。 (明天见。)', 'JAPANESE', 0, '2025-12-24 22:05:17', 2, 0);
INSERT INTO `words` VALUES (91, '昨日 (きのう)', '昨天', '昨日は雨でした。 (昨天是雨天。)', 'JAPANESE', 0, '2025-12-24 22:05:17', 2, 0);
INSERT INTO `words` VALUES (92, '毎日 (まいにち)', '每天', '毎日日本語を勉強します。 (每天学习日语。)', 'JAPANESE', 0, '2025-12-24 22:05:17', 2, 0);
INSERT INTO `words` VALUES (93, '朝 (あさ)', '早上', '朝ごはんはパンです。 (早饭是面包。)', 'JAPANESE', 0, '2025-12-24 22:05:17', 2, 0);
INSERT INTO `words` VALUES (94, '昼 (ひる)', '中午', '昼休みは12時からです。 (午休从12点开始。)', 'JAPANESE', 0, '2025-12-24 22:05:17', 2, 0);
INSERT INTO `words` VALUES (95, '晩 (ばん)', '晚上', '晩ごはんは何ですか。 (晚饭吃什么？)', 'JAPANESE', 0, '2025-12-24 22:05:17', 2, 0);
INSERT INTO `words` VALUES (96, '部屋 (へや)', '房间', '私の部屋はきれいです。 (我的房间很干净。)', 'JAPANESE', 0, '2025-12-24 22:05:17', 2, 0);
INSERT INTO `words` VALUES (97, '庭 (にわ)', '院子', '庭に花があります。 (院子里有花。)', 'JAPANESE', 0, '2025-12-24 22:05:17', 2, 0);
INSERT INTO `words` VALUES (98, '家 (いえ)', '家', '家へ帰ります。 (回家。)', 'JAPANESE', 0, '2025-12-24 22:05:17', 2, 0);
INSERT INTO `words` VALUES (99, '居間 (いま)', '起居室', '居間でテレビを見ます。 (在起居室看电视。)', 'JAPANESE', 0, '2025-12-24 22:05:17', 2, 0);
INSERT INTO `words` VALUES (100, '電話 (でんわ)', '电话', '電話番号は何番ですか。 (电话号码是多少？)', 'JAPANESE', 0, '2025-12-24 22:05:17', 2, 0);
INSERT INTO `words` VALUES (101, '靴 (くつ)', '鞋子', '新しい靴を買いました。 (买了新鞋。)', 'JAPANESE', 0, '2025-12-24 22:05:17', 2, 0);
INSERT INTO `words` VALUES (102, '眼鏡 (めがね)', '眼镜', '眼鏡をかけます。 (戴眼镜。)', 'JAPANESE', 0, '2025-12-24 22:05:17', 2, 0);
INSERT INTO `words` VALUES (103, '帽子 (ぼうし)', '帽子', '帽子をかぶります。 (戴帽子。)', 'JAPANESE', 0, '2025-12-24 22:05:17', 2, 0);
INSERT INTO `words` VALUES (104, '駅 (えき)', '车站', '駅までバスで行きます。 (坐公交车去车站。)', 'JAPANESE', 0, '2025-12-24 22:05:17', 2, 0);
INSERT INTO `words` VALUES (105, 'Apple', '苹果', '苹果', 'ENGLISH', 0, '2025-12-25 15:39:46', 5, 2);
INSERT INTO `words` VALUES (106, 'ピンク', '粉色', 'pinku', 'ENGLISH', 0, '2025-12-25 15:40:57', 5, 2);
INSERT INTO `words` VALUES (109, 'origin', '起源', '起源', 'ENGLISH', 0, '2026-01-15 17:33:32', 5, 2);
INSERT INTO `words` VALUES (110, 'один', '一', 'Оди́н яблоко. (一个苹果。)', 'RUSSIAN', 0, '2026-01-16 02:26:24', 7, 0);
INSERT INTO `words` VALUES (111, 'два', '二', 'Два дня. (两天。)', 'RUSSIAN', 0, '2026-01-16 02:26:24', 7, 0);
INSERT INTO `words` VALUES (112, 'три', '三', 'Три часа́. (三个小时。)', 'RUSSIAN', 0, '2026-01-16 02:26:24', 7, 0);
INSERT INTO `words` VALUES (113, 'четы́ре', '四', 'Четы́ре года́. (四年。)', 'RUSSIAN', 0, '2026-01-16 02:26:24', 7, 0);
INSERT INTO `words` VALUES (114, 'пять', '五', 'Пять минут. (五分钟。)', 'RUSSIAN', 0, '2026-01-16 02:26:24', 7, 0);
INSERT INTO `words` VALUES (115, 'я', '我', 'Я студе́нт. (我是学生。)', 'RUSSIAN', 0, '2026-01-16 02:26:24', 7, 0);
INSERT INTO `words` VALUES (116, 'ты', '你', 'Ты мой друг. (你是我的朋友。)', 'RUSSIAN', 0, '2026-01-16 02:26:24', 7, 0);
INSERT INTO `words` VALUES (117, 'он', '他', 'Он учи́тель. (他是老师。)', 'RUSSIAN', 0, '2026-01-16 02:26:24', 7, 0);
INSERT INTO `words` VALUES (118, 'она́', '她', 'Она́ врач. (她是医生。)', 'RUSSIAN', 0, '2026-01-16 02:26:24', 7, 0);
INSERT INTO `words` VALUES (119, 'мы', '我们', 'Мы студе́нты. (我们是学生。)', 'RUSSIAN', 0, '2026-01-16 02:26:24', 7, 0);
INSERT INTO `words` VALUES (120, 'приве́т', '你好（非正式）', 'Приве́т! Как дела́? (你好！怎么样？)', 'RUSSIAN', 0, '2026-01-16 02:26:24', 7, 0);
INSERT INTO `words` VALUES (121, 'здра́вствуйте', '您好', 'Здра́вствуйте! (您好！)', 'RUSSIAN', 0, '2026-01-16 02:26:24', 7, 0);
INSERT INTO `words` VALUES (122, 'до свида́ния', '再见', 'До свида́ния! (再见！)', 'RUSSIAN', 0, '2026-01-16 02:26:24', 7, 0);
INSERT INTO `words` VALUES (123, 'спаси́бо', '谢谢', 'Спаси́бо за по́мощь. (谢谢帮助。)', 'RUSSIAN', 0, '2026-01-16 02:26:24', 7, 0);
INSERT INTO `words` VALUES (124, 'пожа́луйста', '请/不客气', 'Пожа́луйста, войди́те. (请进。)', 'RUSSIAN', 0, '2026-01-16 02:26:24', 7, 0);
INSERT INTO `words` VALUES (125, 'дом', '家/房子', 'Мой дом большо́й. (我的房子很大。)', 'RUSSIAN', 0, '2026-01-16 02:26:24', 7, 0);
INSERT INTO `words` VALUES (126, 'кни́га', '书', 'Э́то интере́сная кни́га. (这是有趣的书。)', 'RUSSIAN', 0, '2026-01-16 02:26:24', 7, 0);
INSERT INTO `words` VALUES (127, 'вода́', '水', 'Дай мне воду́. (给我水。)', 'RUSSIAN', 0, '2026-01-16 02:26:24', 7, 0);
INSERT INTO `words` VALUES (128, 'еда́', '食物', 'Еда́ вку́сная. (食物好吃。)', 'RUSSIAN', 0, '2026-01-16 02:26:24', 7, 0);
INSERT INTO `words` VALUES (129, 'друг', '朋友', 'Он мой друг. (他是我的朋友。)', 'RUSSIAN', 0, '2026-01-16 02:26:24', 7, 0);
INSERT INTO `words` VALUES (130, 'семья́', '家庭', 'У меня́ большая семья́. (我有大家庭。)', 'RUSSIAN', 0, '2026-01-16 02:26:24', 7, 0);
INSERT INTO `words` VALUES (131, 'мать', '母亲', 'Моя́ мать добра́я. (我母亲善良。)', 'RUSSIAN', 0, '2026-01-16 02:26:24', 7, 0);
INSERT INTO `words` VALUES (132, 'оте́ц', '父亲', 'Мой оте́ц рабо́тает. (我父亲在工作。)', 'RUSSIAN', 0, '2026-01-16 02:26:24', 7, 0);
INSERT INTO `words` VALUES (133, 'брат', '兄弟', 'У меня́ есть брат. (我有兄弟。)', 'RUSSIAN', 0, '2026-01-16 02:26:24', 7, 0);
INSERT INTO `words` VALUES (134, 'сестра́', '姐妹', 'Моя́ сестра́ учи́тся. (我姐妹在学习。)', 'RUSSIAN', 0, '2026-01-16 02:26:24', 7, 0);
INSERT INTO `words` VALUES (135, 'быть', '是/在', 'Я был там. (我在那儿。)', 'RUSSIAN', 0, '2026-01-16 02:26:24', 7, 0);
INSERT INTO `words` VALUES (136, 'есть', '有/吃', 'Я хочу́ есть. (我想吃。)', 'RUSSIAN', 0, '2026-01-16 02:26:24', 7, 0);
INSERT INTO `words` VALUES (137, 'идти́', '走/去', 'Я иду́ домо́й. (我正回家。)', 'RUSSIAN', 0, '2026-01-16 02:26:24', 7, 0);
INSERT INTO `words` VALUES (138, 'говори́ть', '说/讲', 'Он говори́т по-ру́сски. (他说俄语。)', 'RUSSIAN', 0, '2026-01-16 02:26:24', 7, 0);
INSERT INTO `words` VALUES (139, 'зна́ть', '知道', 'Я зна́ю. (我知道。)', 'RUSSIAN', 0, '2026-01-16 02:26:24', 7, 0);
INSERT INTO `words` VALUES (140, 'сего́дня', '今天', 'Сего́дня воскресе́нье. (今天星期天。)', 'RUSSIAN', 0, '2026-01-16 02:26:24', 7, 0);
INSERT INTO `words` VALUES (141, 'за́втра', '明天', 'Уви́димся за́втра. (明天见。)', 'RUSSIAN', 0, '2026-01-16 02:26:24', 7, 0);
INSERT INTO `words` VALUES (142, 'вчера́', '昨天', 'Вчера́ был дождь. (昨天下雨。)', 'RUSSIAN', 0, '2026-01-16 02:26:24', 7, 0);
INSERT INTO `words` VALUES (143, 'сейча́с', '现在', 'Сейча́с три часа́. (现在三点。)', 'RUSSIAN', 0, '2026-01-16 02:26:24', 7, 0);
INSERT INTO `words` VALUES (144, 'всегда́', '总是', 'Он всегда́ занят. (他总是很忙。)', 'RUSSIAN', 0, '2026-01-16 02:26:24', 7, 0);
INSERT INTO `words` VALUES (145, 'хоро́ший', '好的', 'Хоро́ший день. (美好的一天。)', 'RUSSIAN', 0, '2026-01-16 02:26:24', 7, 0);
INSERT INTO `words` VALUES (146, 'плохо́й', '坏的', 'Плохо́й пого́да. (坏天气。)', 'RUSSIAN', 0, '2026-01-16 02:26:24', 7, 0);
INSERT INTO `words` VALUES (147, 'большо́й', '大的', 'Большо́й го́род. (大城市。)', 'RUSSIAN', 0, '2026-01-16 02:26:24', 7, 0);
INSERT INTO `words` VALUES (148, 'ма́ленький', '小的', 'Ма́ленький ребёнок. (小孩子。)', 'RUSSIAN', 0, '2026-01-16 02:26:24', 7, 0);
INSERT INTO `words` VALUES (149, 'но́вый', '新的', 'Но́вый дом. (新房子。)', 'RUSSIAN', 0, '2026-01-16 02:26:24', 7, 0);
INSERT INTO `words` VALUES (150, 'го́род', '城市', 'Москва́ — большо́й го́род. (莫斯科是大城市。)', 'RUSSIAN', 0, '2026-01-16 02:26:24', 7, 0);
INSERT INTO `words` VALUES (151, 'страна́', '国家', 'Росси́я — больша́я страна́. (俄罗斯是大国。)', 'RUSSIAN', 0, '2026-01-16 02:26:24', 7, 0);
INSERT INTO `words` VALUES (152, 'у́лица', '街道', 'Гла́вная у́лица. (主街。)', 'RUSSIAN', 0, '2026-01-16 02:26:24', 7, 0);
INSERT INTO `words` VALUES (153, 'шко́ла', '学校', 'Дети в шко́ле. (孩子们在学校。)', 'RUSSIAN', 0, '2026-01-16 02:26:24', 7, 0);
INSERT INTO `words` VALUES (154, 'университе́т', '大学', 'Я в университе́те. (我在大学。)', 'RUSSIAN', 0, '2026-01-16 02:26:24', 7, 0);
INSERT INTO `words` VALUES (155, 'да', '是', 'Да, коне́чно. (是的，当然。)', 'RUSSIAN', 0, '2026-01-16 02:26:24', 7, 0);
INSERT INTO `words` VALUES (156, 'нет', '不', 'Нет, спаси́бо. (不，谢谢。)', 'RUSSIAN', 0, '2026-01-16 02:26:24', 7, 0);
INSERT INTO `words` VALUES (157, 'хорошо́', '好', 'Хорошо́! (好的！)', 'RUSSIAN', 0, '2026-01-16 02:26:24', 7, 0);
INSERT INTO `words` VALUES (158, 'извини́те', '对不起', 'Извини́те, где метро́? (请问地铁在哪？)', 'RUSSIAN', 0, '2026-01-16 02:26:24', 7, 0);
INSERT INTO `words` VALUES (159, 'понима́ть', '理解', 'Я понима́ю. (我理解。)', 'RUSSIAN', 0, '2026-01-16 02:26:24', 7, 0);
INSERT INTO `words` VALUES (160, 'один', '一', 'Оди́н яблоко. (一个苹果。)', 'RUSSIAN', 0, '2026-01-16 02:26:31', 8, 0);
INSERT INTO `words` VALUES (161, 'два', '二', 'Два дня. (两天。)', 'RUSSIAN', 0, '2026-01-16 02:26:31', 8, 0);
INSERT INTO `words` VALUES (162, 'три', '三', 'Три часа́. (三个小时。)', 'RUSSIAN', 0, '2026-01-16 02:26:31', 8, 0);
INSERT INTO `words` VALUES (163, 'четы́ре', '四', 'Четы́ре года́. (四年。)', 'RUSSIAN', 0, '2026-01-16 02:26:31', 8, 0);
INSERT INTO `words` VALUES (164, 'пять', '五', 'Пять минут. (五分钟。)', 'RUSSIAN', 0, '2026-01-16 02:26:31', 8, 0);
INSERT INTO `words` VALUES (165, 'я', '我', 'Я студе́нт. (我是学生。)', 'RUSSIAN', 0, '2026-01-16 02:26:31', 8, 0);
INSERT INTO `words` VALUES (166, 'ты', '你', 'Ты мой друг. (你是我的朋友。)', 'RUSSIAN', 0, '2026-01-16 02:26:31', 8, 0);
INSERT INTO `words` VALUES (167, 'он', '他', 'Он учи́тель. (他是老师。)', 'RUSSIAN', 0, '2026-01-16 02:26:31', 8, 0);
INSERT INTO `words` VALUES (168, 'она́', '她', 'Она́ врач. (她是医生。)', 'RUSSIAN', 0, '2026-01-16 02:26:31', 8, 0);
INSERT INTO `words` VALUES (169, 'мы', '我们', 'Мы студе́нты. (我们是学生。)', 'RUSSIAN', 0, '2026-01-16 02:26:31', 8, 0);
INSERT INTO `words` VALUES (170, 'приве́т', '你好（非正式）', 'Приве́т! Как дела́? (你好！怎么样？)', 'RUSSIAN', 0, '2026-01-16 02:26:31', 8, 0);
INSERT INTO `words` VALUES (171, 'здра́вствуйте', '您好', 'Здра́вствуйте! (您好！)', 'RUSSIAN', 0, '2026-01-16 02:26:31', 8, 0);
INSERT INTO `words` VALUES (172, 'до свида́ния', '再见', 'До свида́ния! (再见！)', 'RUSSIAN', 0, '2026-01-16 02:26:31', 8, 0);
INSERT INTO `words` VALUES (173, 'спаси́бо', '谢谢', 'Спаси́бо за по́мощь. (谢谢帮助。)', 'RUSSIAN', 0, '2026-01-16 02:26:31', 8, 0);
INSERT INTO `words` VALUES (174, 'пожа́луйста', '请/不客气', 'Пожа́луйста, войди́те. (请进。)', 'RUSSIAN', 0, '2026-01-16 02:26:31', 8, 0);
INSERT INTO `words` VALUES (175, 'дом', '家/房子', 'Мой дом большо́й. (我的房子很大。)', 'RUSSIAN', 0, '2026-01-16 02:26:31', 8, 0);
INSERT INTO `words` VALUES (176, 'кни́га', '书', 'Э́то интере́сная кни́га. (这是有趣的书。)', 'RUSSIAN', 0, '2026-01-16 02:26:31', 8, 0);
INSERT INTO `words` VALUES (177, 'вода́', '水', 'Дай мне воду́. (给我水。)', 'RUSSIAN', 0, '2026-01-16 02:26:31', 8, 0);
INSERT INTO `words` VALUES (178, 'еда́', '食物', 'Еда́ вку́сная. (食物好吃。)', 'RUSSIAN', 0, '2026-01-16 02:26:31', 8, 0);
INSERT INTO `words` VALUES (179, 'друг', '朋友', 'Он мой друг. (他是我的朋友。)', 'RUSSIAN', 0, '2026-01-16 02:26:31', 8, 0);
INSERT INTO `words` VALUES (180, 'семья́', '家庭', 'У меня́ большая семья́. (我有大家庭。)', 'RUSSIAN', 0, '2026-01-16 02:26:31', 8, 0);
INSERT INTO `words` VALUES (181, 'мать', '母亲', 'Моя́ мать добра́я. (我母亲善良。)', 'RUSSIAN', 0, '2026-01-16 02:26:31', 8, 0);
INSERT INTO `words` VALUES (182, 'оте́ц', '父亲', 'Мой оте́ц рабо́тает. (我父亲在工作。)', 'RUSSIAN', 0, '2026-01-16 02:26:31', 8, 0);
INSERT INTO `words` VALUES (183, 'брат', '兄弟', 'У меня́ есть брат. (我有兄弟。)', 'RUSSIAN', 0, '2026-01-16 02:26:31', 8, 0);
INSERT INTO `words` VALUES (184, 'сестра́', '姐妹', 'Моя́ сестра́ учи́тся. (我姐妹在学习。)', 'RUSSIAN', 0, '2026-01-16 02:26:31', 8, 0);
INSERT INTO `words` VALUES (185, 'быть', '是/在', 'Я был там. (我在那儿。)', 'RUSSIAN', 0, '2026-01-16 02:26:31', 8, 0);
INSERT INTO `words` VALUES (186, 'есть', '有/吃', 'Я хочу́ есть. (我想吃。)', 'RUSSIAN', 0, '2026-01-16 02:26:31', 8, 0);
INSERT INTO `words` VALUES (187, 'идти́', '走/去', 'Я иду́ домо́й. (我正回家。)', 'RUSSIAN', 0, '2026-01-16 02:26:31', 8, 0);
INSERT INTO `words` VALUES (188, 'говори́ть', '说/讲', 'Он говори́т по-ру́сски. (他说俄语。)', 'RUSSIAN', 0, '2026-01-16 02:26:31', 8, 0);
INSERT INTO `words` VALUES (189, 'зна́ть', '知道', 'Я зна́ю. (我知道。)', 'RUSSIAN', 0, '2026-01-16 02:26:31', 8, 0);
INSERT INTO `words` VALUES (190, 'сего́дня', '今天', 'Сего́дня воскресе́нье. (今天星期天。)', 'RUSSIAN', 0, '2026-01-16 02:26:31', 8, 0);
INSERT INTO `words` VALUES (191, 'за́втра', '明天', 'Уви́димся за́втра. (明天见。)', 'RUSSIAN', 0, '2026-01-16 02:26:31', 8, 0);
INSERT INTO `words` VALUES (192, 'вчера́', '昨天', 'Вчера́ был дождь. (昨天下雨。)', 'RUSSIAN', 0, '2026-01-16 02:26:31', 8, 0);
INSERT INTO `words` VALUES (193, 'сейча́с', '现在', 'Сейча́с три часа́. (现在三点。)', 'RUSSIAN', 0, '2026-01-16 02:26:31', 8, 0);
INSERT INTO `words` VALUES (194, 'всегда́', '总是', 'Он всегда́ занят. (他总是很忙。)', 'RUSSIAN', 0, '2026-01-16 02:26:31', 8, 0);
INSERT INTO `words` VALUES (195, 'хоро́ший', '好的', 'Хоро́ший день. (美好的一天。)', 'RUSSIAN', 0, '2026-01-16 02:26:31', 8, 0);
INSERT INTO `words` VALUES (196, 'плохо́й', '坏的', 'Плохо́й пого́да. (坏天气。)', 'RUSSIAN', 0, '2026-01-16 02:26:31', 8, 0);
INSERT INTO `words` VALUES (197, 'большо́й', '大的', 'Большо́й го́род. (大城市。)', 'RUSSIAN', 0, '2026-01-16 02:26:31', 8, 0);
INSERT INTO `words` VALUES (198, 'ма́ленький', '小的', 'Ма́ленький ребёнок. (小孩子。)', 'RUSSIAN', 0, '2026-01-16 02:26:31', 8, 0);
INSERT INTO `words` VALUES (199, 'но́вый', '新的', 'Но́вый дом. (新房子。)', 'RUSSIAN', 0, '2026-01-16 02:26:31', 8, 0);
INSERT INTO `words` VALUES (200, 'го́род', '城市', 'Москва́ — большо́й го́род. (莫斯科是大城市。)', 'RUSSIAN', 0, '2026-01-16 02:26:31', 8, 0);
INSERT INTO `words` VALUES (201, 'страна́', '国家', 'Росси́я — больша́я страна́. (俄罗斯是大国。)', 'RUSSIAN', 0, '2026-01-16 02:26:31', 8, 0);
INSERT INTO `words` VALUES (202, 'у́лица', '街道', 'Гла́вная у́лица. (主街。)', 'RUSSIAN', 0, '2026-01-16 02:26:31', 8, 0);
INSERT INTO `words` VALUES (203, 'шко́ла', '学校', 'Дети в шко́ле. (孩子们在学校。)', 'RUSSIAN', 0, '2026-01-16 02:26:31', 8, 0);
INSERT INTO `words` VALUES (204, 'университе́т', '大学', 'Я в университе́те. (我在大学。)', 'RUSSIAN', 0, '2026-01-16 02:26:31', 8, 0);
INSERT INTO `words` VALUES (205, 'да', '是', 'Да, коне́чно. (是的，当然。)', 'RUSSIAN', 0, '2026-01-16 02:26:31', 8, 0);
INSERT INTO `words` VALUES (206, 'нет', '不', 'Нет, спаси́бо. (不，谢谢。)', 'RUSSIAN', 0, '2026-01-16 02:26:31', 8, 0);
INSERT INTO `words` VALUES (207, 'хорошо́', '好', 'Хорошо́! (好的！)', 'RUSSIAN', 0, '2026-01-16 02:26:31', 8, 0);
INSERT INTO `words` VALUES (208, 'извини́те', '对不起', 'Извини́те, где метро́? (请问地铁在哪？)', 'RUSSIAN', 0, '2026-01-16 02:26:31', 8, 0);
INSERT INTO `words` VALUES (209, 'понима́ть', '理解', 'Я понима́ю. (我理解。)', 'RUSSIAN', 0, '2026-01-16 02:26:31', 8, 0);
INSERT INTO `words` VALUES (212, 'Pink', '粉色', '她喜欢穿粉色的衣服', 'ENGLISH', 0, '2026-01-16 03:11:54', 9, 2);
INSERT INTO `words` VALUES (214, 'ピンク', '粉色', '彼女はピンクのドレスを着ている', 'JAPANESE', 0, '2026-01-16 03:13:00', 9, 2);
INSERT INTO `words` VALUES (215, 'розовый', '粉色', 'Её любимый цвет — розовый', 'RUSSIAN', 0, '2026-01-16 03:13:35', 9, 2);
INSERT INTO `words` VALUES (219, 'origin', '起源', '起源', 'ENGLISH', 0, '2026-01-16 16:02:56', 9, 2);

SET FOREIGN_KEY_CHECKS = 1;
